Designator,Quantity,Value,Footprint,Package,MPN,DNP,Mount_Type,Description,Manufacturer,LCSC,Type,Dielectric,Voltage,Tolerance,Mouser PN,Voltage Rating,PROD_ID,Color,MF,Description_1,Price,Check_prices,SnapEDA_Link,MP,Availability,MANUFACTURER,MAXIMUM_PACKAGE_HEIGHT,STANDARD,PARTREV,Purchase-URL,SNAPEDA_PN,Series
C1,1,1µF,C_1206_3216Metric,1206,12065C105JAT2A,Yes,smt,1uF ±5% 50V Ceramic Capacitor X7R 1206,Kyocera AVX,C597503,SMD,X7R,50V,5%,581-12065C105JAT2A,,,,,,,,,,,,,,,,,
C10,1,2µ2,C_1206_3216Metric,1206,C1206C225J5RECAUTO,Yes,smt,2.2uF X7R ±5% 50V 1206 Ceramic Capacitors RoHS,KEMET,C1513220,SMD,X7R,50V,5%,80-C1206C225J5RECAUT,,,,,,,,,,,,,,,,,
C11,1,47µF,CAP_EEEFT1H470AP,"SMD,D6.3xL5.8mm",EEEFT1H470AP,Yes,smt,47uF ±20% 50V Aluminum Electrolytic Capacitors 2000hrs@105℃,PANASONIC,C92059,SMD,20%,50V,20%,667-EEE-FT1H470AP,50V,,,,,,,,,,,,,,,,
C15,1,1µF,C_1206_3216Metric,1206,12065C105JAT2A,Yes,smt,1uF ±5% 50V Ceramic Capacitor X7R 1206,Kyocera AVX,C597503,SMD,X7R,50V,5%,581-12065C105JAT2A,,CAP-00810,,,,,,,,,,,,,,,
C16,1,1µF,C_1206_3216Metric,1206,12065C105JAT2A,Yes,smt,1uF ±5% 50V Ceramic Capacitor X7R 1206,Kyocera AVX,C597503,SMD,X7R,50V,5%,581-12065C105JAT2A,,CAP-00810,,,,,,,,,,,,,,,
C17,1,1µF,C_1206_3216Metric,1206,12065C105JAT2A,Yes,smt,1uF ±5% 50V Ceramic Capacitor X7R 1206,Kyocera AVX,C597503,SMD,X7R,50V,5%,581-12065C105JAT2A,,CAP-00810,,,,,,,,,,,,,,,
C18,1,100nF,C_0805_2012Metric,0805,C0805C104J5RACTU,Yes,smt,100nF ±5% 50V Ceramic Capacitor X7R 0805,KEMET,C2167095,SMD,X7R,50V,5%,80-C0805C104J5R,,CAP-00810,,,,,,,,,,,,,,,
C19,1,100nF,C_0805_2012Metric,0805,C0805C104J5RACTU,Yes,smt,100nF ±5% 50V Ceramic Capacitor X7R 0805,KEMET,C2167095,SMD,X7R,50V,5%,80-C0805C104J5R,,CAP-00810,,,,,,,,,,,,,,,
C2,1,100nF,C_0805_2012Metric,0805,C0805C104J5RACTU,Yes,smt,100nF ±5% 50V Ceramic Capacitor X7R 0805,KEMET,C2167095,SMD,X7R,50V,5%,80-C0805C104J5R,,,,,,,,,,,,,,,,,
C20,1,100nF,C_0805_2012Metric,0805,C0805C104J5RACTU,Yes,smt,100nF ±5% 50V Ceramic Capacitor X7R 0805,KEMET,C2167095,SMD,X7R,50V,5%,80-C0805C104J5R,,CAP-00810,,,,,,,,,,,,,,,
C21,1,100nF,C_0805_2012Metric,0805,C0805C104J5RACTU,Yes,smt,100nF ±5% 50V Ceramic Capacitor X7R 0805,KEMET,C2167095,SMD,X7R,50V,5%,80-C0805C104J5R,,CAP-00810,,,,,,,,,,,,,,,
C22,1,100nF,C_0805_2012Metric,0805,C0805C104J5RACTU,Yes,smt,100nF ±5% 50V Ceramic Capacitor X7R 0805,KEMET,C2167095,SMD,X7R,50V,5%,80-C0805C104J5R,50V,CAP-00810,,,,,,,,,,,,,,,
C23,1,470nF,C_0805_2012Metric,0805,08055C474JAT2A,Yes,smt,470nF ±5% 50V Ceramic Capacitor X7R 0805,Kyocera AVX,C14663,SMD,X7R,50V,5%,581-08055C474JAT2A,25V,CAP-00810,,,,,,,,,,,,,,,
C24,1,100nF,C_0805_2012Metric,0805,C0805C104J5RACTU,Yes,smt,100nF ±5% 50V Ceramic Capacitor X7R 0805,KEMET,C2167095,SMD,X7R,50V,5%,80-C0805C104J5R,50V,CAP-00810,,,,,,,,,,,,,,,
C25,1,100nF,C_0805_2012Metric,0805,C0805C104J5RACTU,Yes,smt,100nF ±5% 50V Ceramic Capacitor X7R 0805,KEMET,C2167095,SMD,X7R,50V,5%,80-C0805C104J5R,50V,CAP-00810,,,,,,,,,,,,,,,
C26,1,470nF,C_0805_2012Metric,0805,08055C474JAT2A,Yes,smt,470nF ±5% 50V Ceramic Capacitor X7R 0805,Kyocera AVX,C14663,SMD,X7R,50V,5%,581-08055C474JAT2A,25V,CAP-00810,,,,,,,,,,,,,,,
C27,1,100nF,C_0805_2012Metric,0805,C0805C104J5RACTU,Yes,smt,100nF ±5% 50V Ceramic Capacitor X7R 0805,KEMET,C2167095,SMD,X7R,50V,5%,80-C0805C104J5R,50V,CAP-00810,,,,,,,,,,,,,,,
C28,1,100nF,C_0805_2012Metric,0805,C0805C104J5RACTU,Yes,smt,100nF ±5% 50V Ceramic Capacitor X7R 0805,KEMET,C2167095,SMD,X7R,50V,5%,80-C0805C104J5R,50V,CAP-00810,,,,,,,,,,,,,,,
C29,1,100nF,C_0805_2012Metric,0805,C0805C104J5RACTU,Yes,smt,100nF ±5% 50V Ceramic Capacitor X7R 0805,KEMET,C2167095,SMD,X7R,50V,5%,80-C0805C104J5R,50V,CAP-00810,,,,,,,,,,,,,,,
C3,1,2µ2,C_1206_3216Metric,1206,C1206C225J5RECAUTO,Yes,smt,2.2uF X7R ±5% 50V 1206 Ceramic Capacitors RoHS,KEMET,C1513220,SMD,X7R,50V,5%,80-C1206C225J5RECAUT,,CAP-00810,,,,,,,,,,,,,,,
C30,1,100nF,C_0805_2012Metric,0805,C0805C104J5RACTU,Yes,smt,100nF ±5% 50V Ceramic Capacitor X7R 0805,KEMET,C2167095,SMD,X7R,50V,5%,80-C0805C104J5R,50V,CAP-00810,,,,,,,,,,,,,,,
C31,1,100nF,C_0805_2012Metric,0805,C0805C104J5RACTU,Yes,smt,100nF ±5% 50V Ceramic Capacitor X7R 0805,KEMET,C2167095,SMD,X7R,50V,5%,80-C0805C104J5R,50V,CAP-00810,,,,,,,,,,,,,,,
C4,1,1µF,C_1206_3216Metric,1206,12065C105JAT2A,Yes,smt,1uF ±5% 50V Ceramic Capacitor X7R 1206,Kyocera AVX,C597503,SMD,X7R,50V,5%,581-12065C105JAT2A,,,,,,,,,,,,,,,,,
C5,1,100nF,C_0805_2012Metric,0805,C0805C104J5RACTU,Yes,smt,100nF ±5% 50V Ceramic Capacitor X7R 0805,KEMET,C2167095,SMD,X7R,50V,5%,80-C0805C104J5R,,,,,,,,,,,,,,,,,
C6,1,1µF,C_1206_3216Metric,1206,12065C105JAT2A,Yes,smt,1uF ±5% 50V Ceramic Capacitor X7R 1206,Kyocera AVX,C597503,SMD,X7R,50V,5%,581-12065C105JAT2A,,,,,,,,,,,,,,,,,
C7,1,100nF,C_0805_2012Metric,0805,C0805C104J5RACTU,Yes,smt,100nF ±5% 50V Ceramic Capacitor X7R 0805,KEMET,C2167095,SMD,X7R,50V,5%,80-C0805C104J5R,50V,CAP-00810,,,,,,,,,,,,,,,
C8,1,100nF,C_0805_2012Metric,0805,C0805C104J5RACTU,Yes,smt,100nF ±5% 50V Ceramic Capacitor X7R 0805,KEMET,C2167095,SMD,X7R,50V,5%,80-C0805C104J5R,,CAP-00810,,,,,,,,,,,,,,,
C9,1,1µF,C_1206_3216Metric,1206,12065C105JAT2A,Yes,smt,1uF ±5% 50V Ceramic Capacitor X7R 1206,Kyocera AVX,C597503,SMD,X7R,50V,5%,581-12065C105JAT2A,,,,,,,,,,,,,,,,,
CN10,1,SSW-117-23-G-D,SAMTEC_SSW-117-23-F-D,"Through Hole,P=2.54mm",SSW-117-23-G-D,Yes,tht,Female Header 34 Position 2.54mm Pitch Dual Row Through Hole -55℃~+125℃,Samtec,C6501751,THT,,,,200-SSW11723GD,,,,,,,,,,,,,,,,,
CN7,1,SSW-110-23-G-D,SAMTEC_SSW-110-23-X-D,"Through Hole,P=2.54mm",SSW-110-23-G-D,Yes,tht,Female Header 20 Position 2.54mm Pitch Dual Row Through Hole -55℃~+125℃,Samtec,C6236460,THT,,,,200-SSW11023GD,,,,,,,,,,,,,,,,,
CN8,1,SSW-108-23-G-D,SAMTEC_SSW-108-23-F-D,"Through Hole,P=2.54mm",SSW-108-23-G-D,Yes,tht,Female Header 16 Position 2.54mm Pitch Dual Row Through Hole -55℃~+125℃,Samtec,C7019040,THT,,,,200-SSW10823GD,,,,,,,,,,,,,,,,,
CN9,1,SSW-115-23-G-D,SAMTEC_SSW-115-23-F-D,"Through Hole,P=2.54mm",SSW-115-23-G-D,Yes,tht,Female Header 30 Position 2.54mm Pitch Dual Row Through Hole -55℃~+125℃,Samtec,C7089189,THT,,,,200-SSW11523GD,,,,,,,,,,,,,,,,,
D1,1,LED,LED_0603_WRE,0603,IN-S63ATR,Yes,smt,636nm 120° 20mA Red 2.2V 0603 LED Indication - Discrete RoHS,Inolux,C6639626,SMD,,"2,2V",,743-S63ATR,"If=20mA/Vf=2,2V ",LED-,Red,,,,,,,,,,,,,,
D10,1,LED,LED_0603_WRE,0603,IN-S63AT5G,Yes,smt,Emerald Green 530nm LED Indication - Discrete 2.7V 0603,Inolux,C5656662,SMD,,"2,7V",,743-IN-S63AT5G,"If=25mA/Vf=2,7V ",LED-,Green,,,,,,,,,,,,,,
D11,1,LED,LED_0603_WRE,0603,IN-S63AT5A,Yes,smt,Amber 609nm LED Indication - Discrete 2V 0603,Inolux,C5656657,SMD,,"2,0V",,743-IN-S63AT5A,"If=25mA/Vf=2,0V ",LED-,Amber,,,,,,,,,,,,,,
D12,1,LED,LED_0603_WRE,0603,IN-S63AT5G,Yes,smt,Emerald Green 530nm LED Indication - Discrete 2.7V 0603,Inolux,C5656662,SMD,,"2,7V",,743-IN-S63AT5G,"If=25mA/Vf=2,7V ",LED-,Green,,,,,,,,,,,,,,
D13,1,LED,LED_0603_WRE,0603,IN-S63AT5A,Yes,smt,Amber 609nm LED Indication - Discrete 2V 0603,Inolux,C5656657,SMD,,"2,0V",,743-IN-S63AT5A,"If=25mA/Vf=2,0V ",LED-,Amber,,,,,,,,,,,,,,
D14,1,LED,LED_0603_WRE,0603,IN-S63AT5G,Yes,smt,Emerald Green 530nm LED Indication - Discrete 2.7V 0603,Inolux,C5656662,SMD,,"2,7V",,743-IN-S63AT5G,"If=25mA/Vf=2,7V ",LED-,Green,,,,,,,,,,,,,,
D15,1,LED,LED_0603_WRE,0603,IN-S63AT5A,Yes,smt,Amber 609nm LED Indication - Discrete 2V 0603,Inolux,C5656657,SMD,,"2,0V",,743-IN-S63AT5A,"If=25mA/Vf=2,0V ",LED-,Amber,,,,,,,,,,,,,,
D16,1,LED,LED_0603_WRE,0603,IN-S63AT5G,Yes,smt,Emerald Green 530nm LED Indication - Discrete 2.7V 0603,Inolux,C5656662,SMD,,"2,7V",,743-IN-S63AT5G,"If=25mA/Vf=2,7V ",LED-,Green,,,,,,,,,,,,,,
D17,1,LED,LED_0603_WRE,0603,IN-S63AT5A,Yes,smt,Amber 609nm LED Indication - Discrete 2V 0603,Inolux,C5656657,SMD,,"2,0V",,743-IN-S63AT5A,"If=25mA/Vf=2,0V ",LED-,Amber,,,,,,,,,,,,,,
D18,1,LED,LED_0603_WRE,0603,IN-S63AT5G,Yes,smt,Emerald Green 530nm LED Indication - Discrete 2.7V 0603,Inolux,C5656662,SMD,,"2,7V",,743-IN-S63AT5G,"If=25mA/Vf=2,7V ",LED-,Green,,,,,,,,,,,,,,
D19,1,LED,LED_0603_WRE,0603,IN-S63AT5A,Yes,smt,Amber 609nm LED Indication - Discrete 2V 0603,Inolux,C5656657,SMD,,"2,0V",,743-IN-S63AT5A,"If=25mA/Vf=2,0V ",LED-,Amber,,,,,,,,,,,,,,
D2,1,BAT54J,D_SOD-323F,SOD-323,BAT54JFILM,Yes,smt,Diode 40V 300mA Surface Mount SOD-323,ST,C86299,SMD,,40V,,511-BAT54JFILM,If=300mA,,,,,,,,,,,,,,,,
D20,1,LED,LED_0603_WRE,0603,IN-S63AT5G,Yes,smt,Emerald Green 530nm LED Indication - Discrete 2.7V 0603,Inolux,C5656662,SMD,,"2,7V",,743-IN-S63AT5G,"If=25mA/Vf=2,7V ",LED-,Green,,,,,,,,,,,,,,
D3,1,LED,LED_0603_WRE,0603,IN-S63AT5G,Yes,smt,Emerald Green 530nm LED Indication - Discrete 2.7V 0603,Inolux,C5656662,SMD,,"2,7V",,743-IN-S63AT5G,"If=25mA/Vf=2,7V ",LED-,Green,,,,,,,,,,,,,,
D4,1,LED,LED_0603_WRE,0603,IN-S63AT5A,Yes,smt,Amber 609nm LED Indication - Discrete 2V 0603,Inolux,C5656657,SMD,,"2,0V",,743-IN-S63AT5A,"If=25mA/Vf=2,0V ",LED-,Amber,,,,,,,,,,,,,,
D5,1,BAT54J,D_SOD-323F,SOD-323,BAT54JFILM,Yes,smt,Diode 40V 300mA Surface Mount SOD-323,ST,C86299,SMD,,40V,,511-BAT54JFILM,If=300mA,,,,,,,,,,,,,,,,
D6,1,LED,LED_0603_WRE,0603,IN-S63AT5G,Yes,smt,Emerald Green 530nm LED Indication - Discrete 2.7V 0603,Inolux,C5656662,SMD,,"2,7V",,743-IN-S63AT5G,"If=25mA/Vf=2,7V ",LED-,Green,,,,,,,,,,,,,,
D7,1,LED,LED_0603_WRE,0603,IN-S63AT5A,Yes,smt,Amber 609nm LED Indication - Discrete 2V 0603,Inolux,C5656657,SMD,,"2,0V",,743-IN-S63AT5A,"If=25mA/Vf=2,0V ",LED-,Amber,,,,,,,,,,,,,,
D8,1,LED,LED_0603_WRE,0603,IN-S63AT5G,Yes,smt,Emerald Green 530nm LED Indication - Discrete 2.7V 0603,Inolux,C5656662,SMD,,"2,7V",,743-IN-S63AT5G,"If=25mA/Vf=2,7V ",LED-,Green,,,,,,,,,,,,,,
D9,1,LED,LED_0603_WRE,0603,IN-S63AT5A,Yes,smt,Amber 609nm LED Indication - Discrete 2V 0603,Inolux,C5656657,SMD,,"2,0V",,743-IN-S63AT5A,"If=25mA/Vf=2,0V ",LED-,Amber,,,,,,,,,,,,,,
J1,1,HD-A(Y),Samtec HTSW-103-07-F-S,"Through Hole,P=2.54mm",HTSW-103-07-G-S,Yes,tht,Pin Header 3 Position 2.54mm Pitch Single Row Through Hole -55℃~+125℃,Samtec,C5714562,THT,,,,200-HTSW10307GS,Jumper Default= 1-2,,,,,,,,,,,,,,,,
J10,1,SW ENA,Samtec HTSW-103-07-F-S,"Through Hole,P=2.54mm",HTSW-103-07-F-S,Yes,tht,Pin Header 3 Position 2.54mm Pitch Single Row Through Hole -55℃~+125℃,Samtec,C5714562,THT,,,,200-HTSW10307GS,Jumper Default= 1-2,,,,,,,,,,,,,,,,
J11,1,MODE0,Samtec HTSW-103-07-F-S,"Through Hole,P=2.54mm",HTSW-103-07-F-S,Yes,tht,Pin Header 3 Position 2.54mm Pitch Single Row Through Hole -55℃~+125℃,Samtec,C5714562,THT,,,,200-HTSW10307GS,Jumper Default= 1-2,,,,,,,,,,,,,,,,
J12,1,MODE1,Samtec HTSW-103-07-F-S,"Through Hole,P=2.54mm",HTSW-103-07-F-S,Yes,tht,Pin Header 3 Position 2.54mm Pitch Single Row Through Hole -55℃~+125℃,Samtec,C5714562,THT,,,,200-HTSW10307GS,Jumper Default= 1-2,,,,,,,,,,,,,,,,
J13,1,MODE2,Samtec HTSW-103-07-F-S,"Through Hole,P=2.54mm",HTSW-103-07-F-S,Yes,tht,Pin Header 3 Position 2.54mm Pitch Single Row Through Hole -55℃~+125℃,Samtec,C5714562,THT,,,,200-HTSW10307GS,Jumper Default= 1-2,,,,,,,,,,,,,,,,
J14,1,DIR,Samtec HTSW-103-07-F-S,"Through Hole,P=2.54mm",HTSW-103-07-F-S,Yes,tht,Pin Header 3 Position 2.54mm Pitch Single Row Through Hole -55℃~+125℃,Samtec,C5714562,THT,,,,200-HTSW10307GS,Jumper Default= 1-2,,,,,,,,,,,,,,,,
J15,1,TERM TX,Samtec HTSW-103-07-F-S,"Through Hole,P=2.54mm",HTSW-103-07-F-S,Yes,tht,Pin Header 3 Position 2.54mm Pitch Single Row Through Hole -55℃~+125℃,Samtec,C5714562,THT,,,,200-HTSW10307GS,Jumper Default= 1-2,,,,,,,,,,,,,,,,
J16,1,TERM RX,Samtec HTSW-103-07-F-S,"Through Hole,P=2.54mm",HTSW-103-07-F-S,Yes,tht,Pin Header 3 Position 2.54mm Pitch Single Row Through Hole -55℃~+125℃,Samtec,C5714562,THT,,,,200-HTSW10307GS,Jumper Default= 1-2,,,,,,,,,,,,,,,,
J17,1,SLR,Samtec HTSW-103-07-F-S,"Through Hole,P=2.54mm",HTSW-103-07-F-S,Yes,tht,Pin Header 3 Position 2.54mm Pitch Single Row Through Hole -55℃~+125℃,Samtec,C5714562,THT,,,,200-HTSW10307GS,Jumper Default= 1-2,,,,,,,,,,,,,,,,
J2,1,HD-B(Z),Samtec HTSW-103-07-F-S,"Through Hole,P=2.54mm",HTSW-103-07-F-S,Yes,tht,Pin Header 3 Position 2.54mm Pitch Single Row Through Hole -55℃~+125℃,Samtec,C5714562,THT,,,,200-HTSW10307GS,Jumper Default= 1-2,,,,,,,,,,,,,,,,
J3,1,TERM (A/B),Samtec HTSW-103-07-F-S,"Through Hole,P=2.54mm",HTSW-103-07-F-S,Yes,tht,Pin Header 3 Position 2.54mm Pitch Single Row Through Hole -55℃~+125℃,Samtec,C5714562,THT,,,,200-HTSW10307GS,Jumper Default= 1-2,,,,,,,,,,,,,,,,
J4,1,TERM (Y/Z),Samtec HTSW-103-07-F-S,"Through Hole,P=2.54mm",HTSW-103-07-F-S,Yes,tht,Pin Header 3 Position 2.54mm Pitch Single Row Through Hole -55℃~+125℃,Samtec,C5714562,THT,,,,200-HTSW10307GS,Jumper Default= 1-2,,,,,,,,,,,,,,,,
J5,1,TERM BLK 4POS 5mm TH,PHOENIX_1190299,"Through Hole,P=5mm",1190299,Yes,tht,4 Position Wire to Board Terminal Block 5mm Through Hole,Phoenix Contact,C3309834,THT,,,,651-1190299,,,,Phoenix Contact,"LPT 2,5/ 4-5,0 | Phoenix Contact 1190299",None,https://www.snapeda.com/parts/1190299/Phoenix+Contact/view-part/?ref=eda,https://www.snapeda.com/parts/1190299/Phoenix+Contact/view-part/?ref=snap,1190299,In Stock,PHOENIX,,,,,,
J6,1,CONN D-SUB PLUG 9POS TH,CONN9_2301843-2_TEC,Through Hole,2301843-2,Yes,tht,"Connector D-Sub, Male 9 Position 2 Row Through Hole",TE Connectivity,C591554,THT,,,,571-2301843-2,,,,,,,,,,,,,,,,,
J7,1,TCVR PWR,Samtec HTSW-103-07-F-S,"Through Hole,P=2.54mm",HTSW-103-07-F-S,Yes,tht,Pin Header 3 Position 2.54mm Pitch Single Row Through Hole -55℃~+125℃,Samtec,C5714562,THT,,,,200-HTSW10307GS,Jumper Default= 1-2,,,,,,,,,,,,,,,,
J8,1,TX LED,Samtec HTSW-103-07-F-S,"Through Hole,P=2.54mm",HTSW-103-07-F-S,Yes,tht,Pin Header 3 Position 2.54mm Pitch Single Row Through Hole -55℃~+125℃,Samtec,C5714562,THT,,,,200-HTSW10307GS,Jumper Default= 1-2,,,,,,,,,,,,,,,,
J9,1,RX LED,Samtec HTSW-103-07-F-S,"Through Hole,P=2.54mm",HTSW-103-07-F-S,Yes,tht,Pin Header 3 Position 2.54mm Pitch Single Row Through Hole -55℃~+125℃,Samtec,C5714562,THT,,,,200-HTSW10307GS,Jumper Default= 1-2,,,,,,,,,,,,,,,,
R1,1,150K,R_0603,0603,AC0603FR-7W150KL,Yes,smt,200mW 150kΩ Thick Film Resistor ±100ppm/℃ ±1% 0603 Chip Resistor - Surface Mount RoHS,YAGEO,C20142013,SMD,,,,603-AC0603FR-7W150KL,1% 100mW,,,,,,,,,,,,,,,,
R10,1,590R,R_0603,0603,AC0603FR-07590RL,Yes,smt,590Ω 100mW 75V Thick Film Resistor ±100ppm/℃ ±1% 0603 Chip Resistor - Surface Mount RoHS,YAGEO,C227973,SMD,,,,603-AC0603FR-07590RL,1% 100mW,,,,,,,,,,,,,,,,
R11,1,10K,R_0603,0603,AC0603FR-7W10KL,Yes,smt,10kΩ 200mW Thick Film Resistor ±100ppm/℃ ±1% 0603 Chip Resistor - Surface Mount RoHS,YAGEO,C20142011,SMD,,,,603-AC0603FR-7W10KL,1% 100mW,,,,,,,,,,,,,,,,
R12,1,1K,R_0603,0603,AC0603FR-7W1KL,Yes,smt,200mW 1kΩ Thick Film Resistor ±100ppm/℃ ±1% 0603 Chip Resistor - Surface Mount RoHS,YAGEO,C6113732,SMD,,,,603-AC0603FR-7W1KL,1% 100mW,,,,,,,,,,,,,,,,
R13,1,453K,R_0603,0603,AC0603FR-07453KL,Yes,smt,453kΩ 100mW 75V Thick Film Resistor ±100ppm/℃ ±1% 0603 Chip Resistor - Surface Mount RoHS,YAGEO,C227908,SMD,,,,603-AC0603FR-07453KL,1% 100mW,,,,,,,,,,,,,,,,
R14,1,330R,R_0603,0603,AC0603FR-7W330RL,Yes,smt,330Ω ±1% 200mW 0603 Thick Film Resistor,YAGEO,C513549,SMD,,,,603-AC0603FR-7W330RL,1% 100mW,,,,,,,,,,,,,,,,
R15,1,1M,R_0603,0603,AC0603FR-7W1ML,Yes,smt,200mW 1MΩ Thick Film Resistor ±100ppm/℃ ±1% 0603 Chip Resistor - Surface Mount RoHS,YAGEO,C20142017,SMD,,,,603-AC0603FR-7W1ML,1% 100mW,,,,,,,,,,,,,,,,
R16,1,590R,R_0603,0603,AC0603FR-07590RL,Yes,smt,590Ω 100mW 75V Thick Film Resistor ±100ppm/℃ ±1% 0603 Chip Resistor - Surface Mount RoHS,YAGEO,C227973,SMD,,,,603-AC0603FR-07590RL,1% 100mW,,,,,,,,,,,,,,,,
R17,1,1K,R_0603,0603,AC0603FR-7W1KL,Yes,smt,200mW 1kΩ Thick Film Resistor ±100ppm/℃ ±1% 0603 Chip Resistor - Surface Mount RoHS,YAGEO,C6113732,SMD,,,,603-AC0603FR-7W1KL,1% 100mW,,,,,,,,,,,,,,,,
R18,1,453K,R_0603,0603,AC0603FR-07453KL,Yes,smt,453kΩ 100mW 75V Thick Film Resistor ±100ppm/℃ ±1% 0603 Chip Resistor - Surface Mount RoHS,YAGEO,C227908,SMD,,,,603-AC0603FR-07453KL,1% 100mW,,,,,,,,,,,,,,,,
R19,1,1M,R_0603,0603,AC0603FR-7W1ML,Yes,smt,200mW 1MΩ Thick Film Resistor ±100ppm/℃ ±1% 0603 Chip Resistor - Surface Mount RoHS,YAGEO,C20142017,SMD,,,,603-AC0603FR-7W1ML,1% 100mW,,,,,,,,,,,,,,,,
R2,1,100K,R_0603,0603,AC0603FR-7W100KL,Yes,smt,200mW 100kΩ Thick Film Resistor ±100ppm/℃ ±1% 0603 Chip Resistor - Surface Mount RoHS,YAGEO,C5552302,SMD,,,,603-AC0603FR-7W100KL,1% 100mW,,,,,,,,,,,,,,,,
R20,1,137R,R_0603,0603,AC0603FR-07137KL,Yes,smt,137kΩ 100mW 75V Thick Film Resistor ±100ppm/℃ ±1% 0603 Chip Resistor - Surface Mount RoHS,YAGEO,C227579,SMD,,,,603-AC0603FR-07137KL,1% 100mW,,,,,,,,,,,,,,,,
R21,1,330R,R_0603,0603,AC0603FR-7W330RL,Yes,smt,330Ω ±1% 200mW 0603 Thick Film Resistor,YAGEO,C513549,SMD,,,,603-AC0603FR-7W330RL,1% 100mW,,,,,,,,,,,,,,,,
R22,1,10K,R_0603,0603,AC0603FR-7W10KL,Yes,smt,10kΩ 200mW Thick Film Resistor ±100ppm/℃ ±1% 0603 Chip Resistor - Surface Mount RoHS,YAGEO,C20142011,SMD,,,,603-AC0603FR-7W10KL,1% 100mW,,,,,,,,,,,,,,,,
R23,1,10K,R_0603,0603,AC0603FR-7W10KL,Yes,smt,10kΩ 200mW Thick Film Resistor ±100ppm/℃ ±1% 0603 Chip Resistor - Surface Mount RoHS,YAGEO,C20142011,SMD,,,,603-AC0603FR-7W10KL,1% 100mW,,,,,,,,,,,,,,,,
R24,1,100K,R_0603,0603,AC0603FR-7W100KL,Yes,smt,200mW 100kΩ Thick Film Resistor ±100ppm/℃ ±1% 0603 Chip Resistor - Surface Mount RoHS,YAGEO,C5552302,SMD,,,,603-AC0603FR-7W100KL,1% 100mW,,,,,,,,,,,,,,,,
R25,1,100K,R_0603,0603,AC0603FR-7W100KL,Yes,smt,200mW 100kΩ Thick Film Resistor ±100ppm/℃ ±1% 0603 Chip Resistor - Surface Mount RoHS,YAGEO,C5552302,SMD,,,,603-AC0603FR-7W100KL,1% 100mW,,,,,,,,,,,,,,,,
R26,1,590R,R_0603,0603,AC0603FR-07590RL,Yes,smt,590Ω 100mW 75V Thick Film Resistor ±100ppm/℃ ±1% 0603 Chip Resistor - Surface Mount RoHS,YAGEO,C227973,SMD,,,,603-AC0603FR-07590RL,1% 100mW,,,,,,,,,,,,,,,,
R27,1,100K,R_0603,0603,AC0603FR-7W100KL,Yes,smt,200mW 100kΩ Thick Film Resistor ±100ppm/℃ ±1% 0603 Chip Resistor - Surface Mount RoHS,YAGEO,C5552302,SMD,,,,603-AC0603FR-7W100KL,1% 100mW,,,,,,,,,,,,,,,,
R28,1,1M,R_0603,0603,AC0603FR-7W1ML,Yes,smt,200mW 1MΩ Thick Film Resistor ±100ppm/℃ ±1% 0603 Chip Resistor - Surface Mount RoHS,YAGEO,C20142017,SMD,,,,603-AC0603FR-7W1ML,1% 100mW,,,,,,,,,,,,,,,,
R29,1,1M,R_0603,0603,AC0603FR-7W1ML,Yes,smt,200mW 1MΩ Thick Film Resistor ±100ppm/℃ ±1% 0603 Chip Resistor - Surface Mount RoHS,YAGEO,C20142017,SMD,,,,603-AC0603FR-7W1ML,1% 100mW,,,,,,,,,,,,,,,,
R3,1,120R,R_0603,0603,AC0603FR-7W120RL,Yes,smt,200mW 120Ω Thick Film Resistor ±100ppm/℃ ±1% 0603 Chip Resistor - Surface Mount RoHS,YAGEO,C5552306,SMD,,,,603-AC0603FR-7W120RL,250mW,,,,,,,,,,,,,,,,
R30,1,1M,R_0603,0603,AC0603FR-7W1ML,Yes,smt,200mW 1MΩ Thick Film Resistor ±100ppm/℃ ±1% 0603 Chip Resistor - Surface Mount RoHS,YAGEO,C20142017,SMD,,,,603-AC0603FR-7W1ML,1% 100mW,,,,,,,,,,,,,,,,
R31,1,137R,R_0603,0603,AC0603FR-07137KL,Yes,smt,137kΩ 100mW 75V Thick Film Resistor ±100ppm/℃ ±1% 0603 Chip Resistor - Surface Mount RoHS,YAGEO,C227579,SMD,,,,603-AC0603FR-07137KL,1% 100mW,,,,,,,,,,,,,,,,
R32,1,590R,R_0603,0603,AC0603FR-07590RL,Yes,smt,590Ω 100mW 75V Thick Film Resistor ±100ppm/℃ ±1% 0603 Chip Resistor - Surface Mount RoHS,YAGEO,C227973,SMD,,,,603-AC0603FR-07590RL,1% 100mW,,,,,,,,,,,,,,,,
R33,1,137R,R_0603,0603,AC0603FR-07137KL,Yes,smt,137kΩ 100mW 75V Thick Film Resistor ±100ppm/℃ ±1% 0603 Chip Resistor - Surface Mount RoHS,YAGEO,C227579,SMD,,,,603-AC0603FR-07137KL,1% 100mW,,,,,,,,,,,,,,,,
R34,1,590R,R_0603,0603,AC0603FR-07590RL,Yes,smt,590Ω 100mW 75V Thick Film Resistor ±100ppm/℃ ±1% 0603 Chip Resistor - Surface Mount RoHS,YAGEO,C227973,SMD,,,,603-AC0603FR-07590RL,1% 100mW,,,,,,,,,,,,,,,,
R35,1,137R,R_0603,0603,AC0603FR-07137KL,Yes,smt,137kΩ 100mW 75V Thick Film Resistor ±100ppm/℃ ±1% 0603 Chip Resistor - Surface Mount RoHS,YAGEO,C227579,SMD,,,,603-AC0603FR-07137KL,1% 100mW,,,,,,,,,,,,,,,,
R36,1,590R,R_0603,0603,AC0603FR-07590RL,Yes,smt,590Ω 100mW 75V Thick Film Resistor ±100ppm/℃ ±1% 0603 Chip Resistor - Surface Mount RoHS,YAGEO,C227973,SMD,,,,603-AC0603FR-07590RL,1% 100mW,,,,,,,,,,,,,,,,
R37,1,100K,R_0603,0603,AC0603FR-7W100KL,Yes,smt,200mW 100kΩ Thick Film Resistor ±100ppm/℃ ±1% 0603 Chip Resistor - Surface Mount RoHS,YAGEO,C5552302,SMD,,,,603-AC0603FR-7W100KL,1% 100mW,,,,,,,,,,,,,,,,
R38,1,100K,R_0603,0603,AC0603FR-7W100KL,Yes,smt,200mW 100kΩ Thick Film Resistor ±100ppm/℃ ±1% 0603 Chip Resistor - Surface Mount RoHS,YAGEO,C5552302,SMD,,,,603-AC0603FR-7W100KL,1% 100mW,,,,,,,,,,,,,,,,
R39,1,100K,R_0603,0603,AC0603FR-7W100KL,Yes,smt,200mW 100kΩ Thick Film Resistor ±100ppm/℃ ±1% 0603 Chip Resistor - Surface Mount RoHS,YAGEO,C5552302,SMD,,,,603-AC0603FR-7W100KL,1% 100mW,,,,,,,,,,,,,,,,
R4,1,120R,R_0603,0603,AC0603FR-7W120RL,Yes,smt,200mW 120Ω Thick Film Resistor ±100ppm/℃ ±1% 0603 Chip Resistor - Surface Mount RoHS,YAGEO,C5552306,SMD,,,,603-AC0603FR-7W120RL,250mW,,,,,,,,,,,,,,,,
R40,1,10K,R_0603,0603,AC0603FR-7W10KL,Yes,smt,10kΩ 200mW Thick Film Resistor ±100ppm/℃ ±1% 0603 Chip Resistor - Surface Mount RoHS,YAGEO,C20142011,SMD,,,,603-AC0603FR-7W10KL,1% 100mW,,,,,,,,,,,,,,,,
R41,1,10K,R_0603,0603,AC0603FR-7W10KL,Yes,smt,10kΩ 200mW Thick Film Resistor ±100ppm/℃ ±1% 0603 Chip Resistor - Surface Mount RoHS,YAGEO,C20142011,SMD,,,,603-AC0603FR-7W10KL,1% 100mW,,,,,,,,,,,,,,,,
R42,1,10K,R_0603,0603,AC0603FR-7W10KL,Yes,smt,10kΩ 200mW Thick Film Resistor ±100ppm/℃ ±1% 0603 Chip Resistor - Surface Mount RoHS,YAGEO,C20142011,SMD,,,,603-AC0603FR-7W10KL,1% 100mW,,,,,,,,,,,,,,,,
R43,1,10K,R_0603,0603,AC0603FR-7W10KL,Yes,smt,10kΩ 200mW Thick Film Resistor ±100ppm/℃ ±1% 0603 Chip Resistor - Surface Mount RoHS,YAGEO,C20142011,SMD,,,,603-AC0603FR-7W10KL,1% 100mW,,,,,,,,,,,,,,,,
R44,1,10K,R_0603,0603,AC0603FR-7W10KL,Yes,smt,10kΩ 200mW Thick Film Resistor ±100ppm/℃ ±1% 0603 Chip Resistor - Surface Mount RoHS,YAGEO,C20142011,SMD,,,,603-AC0603FR-7W10KL,1% 100mW,,,,,,,,,,,,,,,,
R45,1,10K,R_0603,0603,AC0603FR-7W10KL,Yes,smt,10kΩ 200mW Thick Film Resistor ±100ppm/℃ ±1% 0603 Chip Resistor - Surface Mount RoHS,YAGEO,C20142011,SMD,,,,603-AC0603FR-7W10KL,1% 100mW,,,,,,,,,,,,,,,,
R46,1,1M,R_0603,0603,AC0603FR-7W1ML,Yes,smt,200mW 1MΩ Thick Film Resistor ±100ppm/℃ ±1% 0603 Chip Resistor - Surface Mount RoHS,YAGEO,C20142017,SMD,,,,603-AC0603FR-7W1ML,1% 100mW,,,,,,,,,,,,,,,,
R47,1,1M,R_0603,0603,AC0603FR-7W1ML,Yes,smt,200mW 1MΩ Thick Film Resistor ±100ppm/℃ ±1% 0603 Chip Resistor - Surface Mount RoHS,YAGEO,C20142017,SMD,,,,603-AC0603FR-7W1ML,1% 100mW,,,,,,,,,,,,,,,,
R48,1,1M,R_0603,0603,AC0603FR-7W1ML,Yes,smt,200mW 1MΩ Thick Film Resistor ±100ppm/℃ ±1% 0603 Chip Resistor - Surface Mount RoHS,YAGEO,C20142017,SMD,,,,603-AC0603FR-7W1ML,1% 100mW,,,,,,,,,,,,,,,,
R49,1,137R,R_0603,0603,AC0603FR-07137KL,Yes,smt,137kΩ 100mW 75V Thick Film Resistor ±100ppm/℃ ±1% 0603 Chip Resistor - Surface Mount RoHS,YAGEO,C227579,SMD,,,,603-AC0603FR-07137KL,1% 100mW,,,,,,,,,,,,,,,,
R5,1,0R,R_0805_2012Metric,0603,CRCW08050000Z0EAHP,Yes,smt,500mW 0Ω 150V Thick Film Resistor 0805 Chip Resistor - Surface Mount RoHS,VISHAY,C844811,SMD,,,,71-CRCW08050000Z0EAH,250mW,,,,,,,,,,,,,,,,
R50,1,590R,R_0603,0603,AC0603FR-07590RL,Yes,smt,590Ω 100mW 75V Thick Film Resistor ±100ppm/℃ ±1% 0603 Chip Resistor - Surface Mount RoHS,YAGEO,C227973,SMD,,,,603-AC0603FR-07590RL,1% 100mW,,,,,,,,,,,,,,,,
R51,1,137R,R_0603,0603,AC0603FR-07137KL,Yes,smt,137kΩ 100mW 75V Thick Film Resistor ±100ppm/℃ ±1% 0603 Chip Resistor - Surface Mount RoHS,YAGEO,C227579,SMD,,,,603-AC0603FR-07137KL,1% 100mW,,,,,,,,,,,,,,,,
R52,1,590R,R_0603,0603,AC0603FR-07590RL,Yes,smt,590Ω 100mW 75V Thick Film Resistor ±100ppm/℃ ±1% 0603 Chip Resistor - Surface Mount RoHS,YAGEO,C227973,SMD,,,,603-AC0603FR-07590RL,1% 100mW,,,,,,,,,,,,,,,,
R53,1,137R,R_0603,0603,AC0603FR-07137KL,Yes,smt,137kΩ 100mW 75V Thick Film Resistor ±100ppm/℃ ±1% 0603 Chip Resistor - Surface Mount RoHS,YAGEO,C227579,SMD,,,,603-AC0603FR-07137KL,1% 100mW,,,,,,,,,,,,,,,,
R54,1,590R,R_0603,0603,AC0603FR-07590RL,Yes,smt,590Ω 100mW 75V Thick Film Resistor ±100ppm/℃ ±1% 0603 Chip Resistor - Surface Mount RoHS,YAGEO,C227973,SMD,,,,603-AC0603FR-07590RL,1% 100mW,,,,,,,,,,,,,,,,
R55,1,100K,R_0603,0603,AC0603FR-7W100KL,Yes,smt,200mW 100kΩ Thick Film Resistor ±100ppm/℃ ±1% 0603 Chip Resistor - Surface Mount RoHS,YAGEO,C5552302,SMD,,,,603-AC0603FR-7W100KL,1% 100mW,,,,,,,,,,,,,,,,
R56,1,100K,R_0603,0603,AC0603FR-7W100KL,Yes,smt,200mW 100kΩ Thick Film Resistor ±100ppm/℃ ±1% 0603 Chip Resistor - Surface Mount RoHS,YAGEO,C5552302,SMD,,,,603-AC0603FR-7W100KL,1% 100mW,,,,,,,,,,,,,,,,
R57,1,100K,R_0603,0603,AC0603FR-7W100KL,Yes,smt,200mW 100kΩ Thick Film Resistor ±100ppm/℃ ±1% 0603 Chip Resistor - Surface Mount RoHS,YAGEO,C5552302,SMD,,,,603-AC0603FR-7W100KL,1% 100mW,,,,,,,,,,,,,,,,
R58,1,10K,R_0603,0603,AC0603FR-7W10KL,Yes,smt,10kΩ 200mW Thick Film Resistor ±100ppm/℃ ±1% 0603 Chip Resistor - Surface Mount RoHS,YAGEO,C20142011,SMD,,,,603-AC0603FR-7W10KL,1% 100mW,,,,,,,,,,,,,,,,
R59,1,10K,R_0603,0603,AC0603FR-7W10KL,Yes,smt,10kΩ 200mW Thick Film Resistor ±100ppm/℃ ±1% 0603 Chip Resistor - Surface Mount RoHS,YAGEO,C20142011,SMD,,,,603-AC0603FR-7W10KL,1% 100mW,,,,,,,,,,,,,,,,
R6,1,0R,R_0805_2012Metric,0603,CRCW08050000Z0EAHP,Yes,smt,500mW 0Ω 150V Thick Film Resistor 0805 Chip Resistor - Surface Mount RoHS,VISHAY,C844811,SMD,,,,71-CRCW08050000Z0EAH,250mW,,,,,,,,,,,,,,,,
R60,1,10K,R_0603,0603,AC0603FR-7W10KL,Yes,smt,10kΩ 200mW Thick Film Resistor ±100ppm/℃ ±1% 0603 Chip Resistor - Surface Mount RoHS,YAGEO,C20142011,SMD,,,,603-AC0603FR-7W10KL,1% 100mW,,,,,,,,,,,,,,,,
R61,1,10K,R_0603,0603,AC0603FR-7W10KL,Yes,smt,10kΩ 200mW Thick Film Resistor ±100ppm/℃ ±1% 0603 Chip Resistor - Surface Mount RoHS,YAGEO,C20142011,SMD,,,,603-AC0603FR-7W10KL,1% 100mW,,,,,,,,,,,,,,,,
R62,1,10K,R_0603,0603,AC0603FR-7W10KL,Yes,smt,10kΩ 200mW Thick Film Resistor ±100ppm/℃ ±1% 0603 Chip Resistor - Surface Mount RoHS,YAGEO,C20142011,SMD,,,,603-AC0603FR-7W10KL,1% 100mW,,,,,,,,,,,,,,,,
R63,1,10K,R_0603,0603,AC0603FR-7W10KL,Yes,smt,10kΩ 200mW Thick Film Resistor ±100ppm/℃ ±1% 0603 Chip Resistor - Surface Mount RoHS,YAGEO,C20142011,SMD,,,,603-AC0603FR-7W10KL,1% 100mW,,,,,,,,,,,,,,,,
R64,1,1M,R_0603,0603,AC0603FR-7W1ML,Yes,smt,200mW 1MΩ Thick Film Resistor ±100ppm/℃ ±1% 0603 Chip Resistor - Surface Mount RoHS,YAGEO,C20142017,SMD,,,,603-AC0603FR-7W1ML,1% 100mW,,,,,,,,,,,,,,,,
R65,1,137R,R_0603,0603,AC0603FR-07137KL,Yes,smt,137kΩ 100mW 75V Thick Film Resistor ±100ppm/℃ ±1% 0603 Chip Resistor - Surface Mount RoHS,YAGEO,C227579,SMD,,,,603-AC0603FR-07137KL,1% 100mW,,,,,,,,,,,,,,,,
R66,1,590R,R_0603,0603,AC0603FR-07590RL,Yes,smt,590Ω 100mW 75V Thick Film Resistor ±100ppm/℃ ±1% 0603 Chip Resistor - Surface Mount RoHS,YAGEO,C227973,SMD,,,,603-AC0603FR-07590RL,1% 100mW,,,,,,,,,,,,,,,,
R67,1,100K,R_0603,0603,AC0603FR-7W100KL,Yes,smt,200mW 100kΩ Thick Film Resistor ±100ppm/℃ ±1% 0603 Chip Resistor - Surface Mount RoHS,YAGEO,C5552302,SMD,,,,603-AC0603FR-7W100KL,1% 100mW,,,,,,,,,,,,,,,,
R68,1,10K,R_0603,0603,AC0603FR-7W10KL,Yes,smt,10kΩ 200mW Thick Film Resistor ±100ppm/℃ ±1% 0603 Chip Resistor - Surface Mount RoHS,YAGEO,C20142011,SMD,,,,603-AC0603FR-7W10KL,1% 100mW,,,,,,,,,,,,,,,,
R69,1,10K,R_0603,0603,AC0603FR-7W10KL,Yes,smt,10kΩ 200mW Thick Film Resistor ±100ppm/℃ ±1% 0603 Chip Resistor - Surface Mount RoHS,YAGEO,C20142011,SMD,,,,603-AC0603FR-7W10KL,1% 100mW,,,,,,,,,,,,,,,,
R7,1,0R,R_0805_2012Metric,0603,CRCW08050000Z0EAHP,Yes,smt,500mW 0Ω 150V Thick Film Resistor 0805 Chip Resistor - Surface Mount RoHS,VISHAY,C844811,SMD,,,,71-CRCW08050000Z0EAH,250mW,,,,,,,,,,,,,,,,
R70,1,330R,R_0603,0603,AC0603FR-7W330RL,Yes,smt,330Ω ±1% 200mW 0603 Thick Film Resistor,YAGEO,C513549,SMD,,,,603-AC0603FR-7W330RL,1% 100mW,,,,,,,,,,,,,,,,
R71,1,330R,R_0603,0603,AC0603FR-7W330RL,Yes,smt,330Ω ±1% 200mW 0603 Thick Film Resistor,YAGEO,C513549,SMD,,,,603-AC0603FR-7W330RL,1% 100mW,,,,,,,,,,,,,,,,
R72,1,330R,R_0603,0603,AC0603FR-7W330RL,Yes,smt,330Ω ±1% 200mW 0603 Thick Film Resistor,YAGEO,C513549,SMD,,,,603-AC0603FR-7W330RL,1% 100mW,,,,,,,,,,,,,,,,
R73,1,330R,R_0603,0603,AC0603FR-7W330RL,Yes,smt,330Ω ±1% 200mW 0603 Thick Film Resistor,YAGEO,C513549,SMD,,,,603-AC0603FR-7W330RL,1% 100mW,,,,,,,,,,,,,,,,
R74,1,330R,R_0603,0603,AC0603FR-7W330RL,Yes,smt,330Ω ±1% 200mW 0603 Thick Film Resistor,YAGEO,C513549,SMD,,,,603-AC0603FR-7W330RL,1% 100mW,,,,,,,,,,,,,,,,
R75,1,330R,R_0603,0603,AC0603FR-7W330RL,Yes,smt,330Ω ±1% 200mW 0603 Thick Film Resistor,YAGEO,C513549,SMD,,,,603-AC0603FR-7W330RL,1% 100mW,,,,,,,,,,,,,,,,
R76,1,330R,R_0603,0603,AC0603FR-7W330RL,Yes,smt,330Ω ±1% 200mW 0603 Thick Film Resistor,YAGEO,C513549,SMD,,,,603-AC0603FR-7W330RL,1% 100mW,,,,,,,,,,,,,,,,
R8,1,0R,R_0805_2012Metric,0603,CRCW08050000Z0EAHP,Yes,smt,500mW 0Ω 150V Thick Film Resistor 0805 Chip Resistor - Surface Mount RoHS,VISHAY,C844811,SMD,,,,71-CRCW08050000Z0EAH,250mW,,,,,,,,,,,,,,,,
R9,1,330R,R_0603,0603,AC0603FR-7W330RL,Yes,smt,330Ω ±1% 200mW 0603 Thick Film Resistor,YAGEO,C513549,SMD,,,,603-AC0603FR-7W330RL,1% 100mW,,,,,,,,,,,,,,,,
TP1,1,GND,KEYSTONE_5006,"Through Hole,P=2.54mm",5006,Yes,tht,"(THM) THRU HOLE MOUNT TEST POINTS - COLOR KEYED, Black Compact",Keystone Electronics,C2906764,THT,,,,534-5006,,,,Keystone Electronics Corp.,Test Point Compact THM PC .350 L .125 OD Heat Resistant Nylon 46 Black | Keystone Electronics 5006,None,https://www.snapeda.com/parts/5006/Keystone/view-part/?ref=eda,https://www.snapeda.com/parts/5006/Keystone/view-part/?ref=snap,5006,In Stock,Keystone Electronics,5.59 mm,Manufacturer Recommendations,F,https://www.snapeda.com/api/url_track_click_mouser/?unipart_id=4479071&manufacturer=Keystone Electronics Corp.&part_name=5006&search_term=keystone 5006,5006,Compact-Series
TP10,1,DCD,KEYSTONE_5121,"Through Hole,P=2.54mm",5121,Yes,tht,"(THM) THRU HOLE MOUNT TEST POINTS - COLOR KEYED, Green Compact",Keystone Electronics§,C5272789,THT,,,,534-5121,,,,Keystone Electronics,"Blue PC Test Point, Compact Phosphor Bronze Silver Plating 0.063 (1.60mm) Hole Diameter Mounting Type",None,https://www.snapeda.com/parts/5122/Keystone/view-part/?ref=eda,https://www.snapeda.com/parts/5122/Keystone/view-part/?ref=snap,5122,In Stock,Keystone Electronics,5.59 mm,Manufacturer Recommendations,F,https://www.snapeda.com/api/url_track_click_mouser/?unipart_id=9424815&manufacturer=Keystone Electronics&part_name=5122&search_term=keystone 5122,5006,
TP11,1,TX-(Z),KEYSTONE_5009,"Through Hole,P=2.54mm",5014,Yes,tht,"(THM) THRU HOLE MOUNT TEST POINTS - COLOR KEYED, Yellow Multipurpose",Keystone Electronics§,C238128,THT,,,,534-5014,,,,Keystone Electronics Corp.,Test Point Compact THM H .350 Nylon46 Insulated Yellow PhosBronze/Silver | Keystone Electronics 5009,None,https://www.snapeda.com/parts/5009/Keystone/view-part/?ref=eda,https://www.snapeda.com/parts/5009/Keystone/view-part/?ref=snap,5009,In Stock,Keystone Electronics,5.59 mm,Manufacturer Recommendations,F,,5006,
TP12,1,RXD,KEYSTONE_5122,"Through Hole,P=2.54mm",5122,Yes,tht,"(THM) THRU HOLE MOUNT TEST POINTS - COLOR KEYED, Blue Compact",Keystone Electronics§,C5272796,THT,,,,534-5122,,,,Keystone Electronics,Compact THM Test Point -Green,None,https://www.snapeda.com/parts/5121/Keystone/view-part/?ref=eda,https://www.snapeda.com/parts/5121/Keystone/view-part/?ref=snap,5121,In Stock,Keystone Electronics,5.59 mm,Manufacturer Recommendations,F,https://www.snapeda.com/api/url_track_click_mouser/?unipart_id=5529205&manufacturer=Keystone Electronics&part_name=5121&search_term=keystone 5121,5006,
TP13,1,RXD,KEYSTONE_5122,"Through Hole,P=2.54mm",5122,Yes,tht,"(THM) THRU HOLE MOUNT TEST POINTS - COLOR KEYED, Blue Compact",Keystone Electronics§,C5272796,THT,,,,534-5122,,,,Keystone Electronics,"Blue PC Test Point, Compact Phosphor Bronze Silver Plating 0.063 (1.60mm) Hole Diameter Mounting Type",None,https://www.snapeda.com/parts/5122/Keystone/view-part/?ref=eda,https://www.snapeda.com/parts/5122/Keystone/view-part/?ref=snap,5122,In Stock,Keystone Electronics,5.59 mm,Manufacturer Recommendations,F,https://www.snapeda.com/api/url_track_click_mouser/?unipart_id=9424815&manufacturer=Keystone Electronics&part_name=5122&search_term=keystone 5122,5006,
TP14,1,TX+(Y),KEYSTONE_5009,"Through Hole,P=2.54mm",5014,Yes,tht,"(THM) THRU HOLE MOUNT TEST POINTS - COLOR KEYED, Yellow Multipurpose",Keystone Electronics§,C238128,THT,,,,534-5014,,,,Keystone Electronics Corp.,Test Point Compact THM H .350 Nylon46 Insulated Yellow PhosBronze/Silver | Keystone Electronics 5009,None,https://www.snapeda.com/parts/5009/Keystone/view-part/?ref=eda,https://www.snapeda.com/parts/5009/Keystone/view-part/?ref=snap,5009,In Stock,Keystone Electronics,5.59 mm,Manufacturer Recommendations,F,,5006,
TP15,1,TXD,KEYSTONE_5122,"Through Hole,P=2.54mm",5122,Yes,tht,"(THM) THRU HOLE MOUNT TEST POINTS - COLOR KEYED, Blue Compact",Keystone Electronics§,C5272796,THT,,,,534-5122,,,,Keystone Electronics,Compact THM Test Point -Green,None,https://www.snapeda.com/parts/5121/Keystone/view-part/?ref=eda,https://www.snapeda.com/parts/5121/Keystone/view-part/?ref=snap,5121,In Stock,Keystone Electronics,5.59 mm,Manufacturer Recommendations,F,https://www.snapeda.com/api/url_track_click_mouser/?unipart_id=5529205&manufacturer=Keystone Electronics&part_name=5121&search_term=keystone 5121,5006,
TP16,1,TXD,KEYSTONE_5122,"Through Hole,P=2.54mm",5122,Yes,tht,"(THM) THRU HOLE MOUNT TEST POINTS - COLOR KEYED, Blue Compact",Keystone Electronics§,C5272796,THT,,,,534-5122,,,,Keystone Electronics,"Blue PC Test Point, Compact Phosphor Bronze Silver Plating 0.063 (1.60mm) Hole Diameter Mounting Type",None,https://www.snapeda.com/parts/5122/Keystone/view-part/?ref=eda,https://www.snapeda.com/parts/5122/Keystone/view-part/?ref=snap,5122,In Stock,Keystone Electronics,5.59 mm,Manufacturer Recommendations,F,https://www.snapeda.com/api/url_track_click_mouser/?unipart_id=9424815&manufacturer=Keystone Electronics&part_name=5122&search_term=keystone 5122,5006,
TP17,1,RX+(A),KEYSTONE_5008,"Through Hole,P=2.54mm",5013,Yes,tht,"(THM) THRU HOLE MOUNT TEST POINTS - COLOR KEYED, Orange Multipurpose",Keystone Electronics§,C2906767,THT,,,,534-5013,,,,Keystone Electronics,Compact THM Test Point -Orange,None,https://www.snapeda.com/parts/5008/Keystone/view-part/?ref=eda,https://www.snapeda.com/parts/5008/Keystone/view-part/?ref=snap,5008,In Stock,Keystone Electronics,5.59 mm,Manufacturer Recommendations,F,,5006,
TP18,1,DTR,KEYSTONE_5121,"Through Hole,P=2.54mm",5121,Yes,tht,"(THM) THRU HOLE MOUNT TEST POINTS - COLOR KEYED, Green Compact",Keystone Electronics§,C5272789,THT,,,,534-5121,,,,Keystone Electronics,Compact THM Test Point -Green,None,https://www.snapeda.com/parts/5121/Keystone/view-part/?ref=eda,https://www.snapeda.com/parts/5121/Keystone/view-part/?ref=snap,5121,In Stock,Keystone Electronics,5.59 mm,Manufacturer Recommendations,F,https://www.snapeda.com/api/url_track_click_mouser/?unipart_id=5529205&manufacturer=Keystone Electronics&part_name=5121&search_term=keystone 5121,5006,
TP19,1,DTR,KEYSTONE_5121,"Through Hole,P=2.54mm",5121,Yes,tht,"(THM) THRU HOLE MOUNT TEST POINTS - COLOR KEYED, Green Compact",Keystone Electronics§,C5272789,THT,,,,534-5121,,,,Keystone Electronics,"Blue PC Test Point, Compact Phosphor Bronze Silver Plating 0.063 (1.60mm) Hole Diameter Mounting Type",None,https://www.snapeda.com/parts/5122/Keystone/view-part/?ref=eda,https://www.snapeda.com/parts/5122/Keystone/view-part/?ref=snap,5122,In Stock,Keystone Electronics,5.59 mm,Manufacturer Recommendations,F,https://www.snapeda.com/api/url_track_click_mouser/?unipart_id=9424815&manufacturer=Keystone Electronics&part_name=5122&search_term=keystone 5122,5006,
TP2,1,5V0 IN,KEYSTONE_5005,"Through Hole,P=2.54mm",5005,Yes,tht,"(THM) THRU HOLE MOUNT TEST POINTS - COLOR KEYED, Red Compact",Keystone Electronics,C2906763,THT,,,,534-5005,,,,Keystone Electronics,Test Point Compact THM H .350 Nylon46 Insulated Red PhosBronze/Silver | Keystone Electronics 5005,None,https://www.snapeda.com/parts/5005/Keystone/view-part/?ref=eda,https://www.snapeda.com/parts/5005/Keystone/view-part/?ref=snap,5005,In Stock,Keystone Electronics,5.59 mm,Manufacturer Recommendations,F,,5006,Compact-Series
TP20,1,RX-(B),KEYSTONE_5008,"Through Hole,P=2.54mm",5013,Yes,tht,"(THM) THRU HOLE MOUNT TEST POINTS - COLOR KEYED, Orange Multipurpose",Keystone Electronics§,C2906767,THT,,,,534-5013,,,,Keystone Electronics,Compact THM Test Point -Orange,None,https://www.snapeda.com/parts/5008/Keystone/view-part/?ref=eda,https://www.snapeda.com/parts/5008/Keystone/view-part/?ref=snap,5008,In Stock,Keystone Electronics,5.59 mm,Manufacturer Recommendations,F,,5006,
TP21,1,RI,KEYSTONE_5121,"Through Hole,P=2.54mm",5121,Yes,tht,"(THM) THRU HOLE MOUNT TEST POINTS - COLOR KEYED, Green Compact",Keystone Electronics§,C5272789,THT,,,,534-5121,,,,Keystone Electronics,Compact THM Test Point -Green,None,https://www.snapeda.com/parts/5121/Keystone/view-part/?ref=eda,https://www.snapeda.com/parts/5121/Keystone/view-part/?ref=snap,5121,In Stock,Keystone Electronics,5.59 mm,Manufacturer Recommendations,F,https://www.snapeda.com/api/url_track_click_mouser/?unipart_id=5529205&manufacturer=Keystone Electronics&part_name=5121&search_term=keystone 5121,5006,
TP22,1,GND,KEYSTONE_5006,"Through Hole,P=2.54mm",5006,,tht,"(THM) THRU HOLE MOUNT TEST POINTS - COLOR KEYED, Black Compact",Keystone Electronics,C2906764,THT,,,,534-5006,,,,Keystone Electronics Corp.,Test Point Compact THM PC .350 L .125 OD Heat Resistant Nylon 46 Black | Keystone Electronics 5006,None,https://www.snapeda.com/parts/5006/Keystone/view-part/?ref=eda,https://www.snapeda.com/parts/5006/Keystone/view-part/?ref=snap,5006,In Stock,Keystone Electronics,5.59 mm,Manufacturer Recommendations,F,https://www.snapeda.com/api/url_track_click_mouser/?unipart_id=4479071&manufacturer=Keystone Electronics Corp.&part_name=5006&search_term=keystone 5006,5006,
TP23,1,RTS,KEYSTONE_5122,"Through Hole,P=2.54mm",5122,Yes,tht,"(THM) THRU HOLE MOUNT TEST POINTS - COLOR KEYED, Blue Compact",Keystone Electronics§,C5272796,THT,,,,534-5122,,,,Keystone Electronics,Compact THM Test Point -Green,None,https://www.snapeda.com/parts/5121/Keystone/view-part/?ref=eda,https://www.snapeda.com/parts/5121/Keystone/view-part/?ref=snap,5121,In Stock,Keystone Electronics,5.59 mm,Manufacturer Recommendations,F,https://www.snapeda.com/api/url_track_click_mouser/?unipart_id=5529205&manufacturer=Keystone Electronics&part_name=5121&search_term=keystone 5121,5006,
TP24,1,DSR,KEYSTONE_5122,"Through Hole,P=2.54mm",5122,Yes,tht,"(THM) THRU HOLE MOUNT TEST POINTS - COLOR KEYED, Blue Compact",Keystone Electronics§,C5272796,THT,,,,534-5122,,,,Keystone Electronics,"Blue PC Test Point, Compact Phosphor Bronze Silver Plating 0.063 (1.60mm) Hole Diameter Mounting Type",None,https://www.snapeda.com/parts/5122/Keystone/view-part/?ref=eda,https://www.snapeda.com/parts/5122/Keystone/view-part/?ref=snap,5122,In Stock,Keystone Electronics,5.59 mm,Manufacturer Recommendations,F,https://www.snapeda.com/api/url_track_click_mouser/?unipart_id=9424815&manufacturer=Keystone Electronics&part_name=5122&search_term=keystone 5122,5006,
TP25,1,CTS,KEYSTONE_5122,"Through Hole,P=2.54mm",5122,Yes,tht,"(THM) THRU HOLE MOUNT TEST POINTS - COLOR KEYED, Blue Compact",Keystone Electronics§,C5272796,THT,,,,534-5122,,,,Keystone Electronics,Compact THM Test Point -Green,None,https://www.snapeda.com/parts/5121/Keystone/view-part/?ref=eda,https://www.snapeda.com/parts/5121/Keystone/view-part/?ref=snap,5121,In Stock,Keystone Electronics,5.59 mm,Manufacturer Recommendations,F,https://www.snapeda.com/api/url_track_click_mouser/?unipart_id=5529205&manufacturer=Keystone Electronics&part_name=5121&search_term=keystone 5121,5006,
TP26,1,RTS,KEYSTONE_5122,"Through Hole,P=2.54mm",5122,Yes,tht,"(THM) THRU HOLE MOUNT TEST POINTS - COLOR KEYED, Blue Compact",Keystone Electronics§,C5272796,THT,,,,534-5122,,,,Keystone Electronics,"Blue PC Test Point, Compact Phosphor Bronze Silver Plating 0.063 (1.60mm) Hole Diameter Mounting Type",None,https://www.snapeda.com/parts/5122/Keystone/view-part/?ref=eda,https://www.snapeda.com/parts/5122/Keystone/view-part/?ref=snap,5122,In Stock,Keystone Electronics,5.59 mm,Manufacturer Recommendations,F,https://www.snapeda.com/api/url_track_click_mouser/?unipart_id=9424815&manufacturer=Keystone Electronics&part_name=5122&search_term=keystone 5122,5006,
TP27,1,DSR,KEYSTONE_5122,"Through Hole,P=2.54mm",5122,Yes,tht,"(THM) THRU HOLE MOUNT TEST POINTS - COLOR KEYED, Blue Compact",Keystone Electronics§,C5272796,THT,,,,534-5122,,,,Keystone Electronics,Compact THM Test Point -Green,None,https://www.snapeda.com/parts/5121/Keystone/view-part/?ref=eda,https://www.snapeda.com/parts/5121/Keystone/view-part/?ref=snap,5121,In Stock,Keystone Electronics,5.59 mm,Manufacturer Recommendations,F,https://www.snapeda.com/api/url_track_click_mouser/?unipart_id=5529205&manufacturer=Keystone Electronics&part_name=5121&search_term=keystone 5121,5006,
TP28,1,CTS,KEYSTONE_5122,"Through Hole,P=2.54mm",5122,Yes,tht,"(THM) THRU HOLE MOUNT TEST POINTS - COLOR KEYED, Blue Compact",Keystone Electronics§,C5272796,THT,,,,534-5122,,,,Keystone Electronics,"Blue PC Test Point, Compact Phosphor Bronze Silver Plating 0.063 (1.60mm) Hole Diameter Mounting Type",None,https://www.snapeda.com/parts/5122/Keystone/view-part/?ref=eda,https://www.snapeda.com/parts/5122/Keystone/view-part/?ref=snap,5122,In Stock,Keystone Electronics,5.59 mm,Manufacturer Recommendations,F,https://www.snapeda.com/api/url_track_click_mouser/?unipart_id=9424815&manufacturer=Keystone Electronics&part_name=5122&search_term=keystone 5122,5006,
TP29,1,GND,KEYSTONE_5006,"Through Hole,P=2.54mm",5006,Yes,tht,"(THM) THRU HOLE MOUNT TEST POINTS - COLOR KEYED, Black Compact",Keystone Electronics,C2906764,THT,,,,534-5006,,,,Keystone Electronics Corp.,Test Point Compact THM PC .350 L .125 OD Heat Resistant Nylon 46 Black | Keystone Electronics 5006,None,https://www.snapeda.com/parts/5006/Keystone/view-part/?ref=eda,https://www.snapeda.com/parts/5006/Keystone/view-part/?ref=snap,5006,In Stock,Keystone Electronics,5.59 mm,Manufacturer Recommendations,F,https://www.snapeda.com/api/url_track_click_mouser/?unipart_id=4479071&manufacturer=Keystone Electronics Corp.&part_name=5006&search_term=keystone 5006,5006,
TP3,1,3V3 LDO,KEYSTONE_5005,"Through Hole,P=2.54mm",5005,Yes,tht,"(THM) THRU HOLE MOUNT TEST POINTS - COLOR KEYED, Red Compact",Keystone Electronics,C2906763,THT,,,,534-5005,,,,Keystone Electronics,Test Point Compact THM H .350 Nylon46 Insulated Red PhosBronze/Silver | Keystone Electronics 5005,None,https://www.snapeda.com/parts/5005/Keystone/view-part/?ref=eda,https://www.snapeda.com/parts/5005/Keystone/view-part/?ref=snap,5005,In Stock,Keystone Electronics,5.59 mm,Manufacturer Recommendations,F,,5005,Compact-Series
TP30,1,RI,KEYSTONE_5121,"Through Hole,P=2.54mm",5121,Yes,tht,"(THM) THRU HOLE MOUNT TEST POINTS - COLOR KEYED, Green Compact",Keystone Electronics§,C5272789,THT,,,,534-5121,,,,Keystone Electronics,"Blue PC Test Point, Compact Phosphor Bronze Silver Plating 0.063 (1.60mm) Hole Diameter Mounting Type",None,https://www.snapeda.com/parts/5122/Keystone/view-part/?ref=eda,https://www.snapeda.com/parts/5122/Keystone/view-part/?ref=snap,5122,In Stock,Keystone Electronics,5.59 mm,Manufacturer Recommendations,F,https://www.snapeda.com/api/url_track_click_mouser/?unipart_id=9424815&manufacturer=Keystone Electronics&part_name=5122&search_term=keystone 5122,5006,
TP4,1,GND,KEYSTONE_5006,"Through Hole,P=2.54mm",5006,Yes,tht,"(THM) THRU HOLE MOUNT TEST POINTS - COLOR KEYED, Black Compact",Keystone Electronics,C2906764,THT,,,,534-5006,,,,Keystone Electronics Corp.,Test Point Compact THM PC .350 L .125 OD Heat Resistant Nylon 46 Black | Keystone Electronics 5006,None,https://www.snapeda.com/parts/5006/Keystone/view-part/?ref=eda,https://www.snapeda.com/parts/5006/Keystone/view-part/?ref=snap,5006,In Stock,Keystone Electronics,5.59 mm,Manufacturer Recommendations,F,https://www.snapeda.com/api/url_track_click_mouser/?unipart_id=4479071&manufacturer=Keystone Electronics Corp.&part_name=5006&search_term=keystone 5006,5006,Compact-Series
TP5,1,3V3 IN,KEYSTONE_5005,"Through Hole,P=2.54mm",5005,Yes,tht,"(THM) THRU HOLE MOUNT TEST POINTS - COLOR KEYED, Red Compact",Keystone Electronics,C2906763,THT,,,,534-5005,,,,Keystone Electronics,Test Point Compact THM H .350 Nylon46 Insulated Red PhosBronze/Silver | Keystone Electronics 5005,None,https://www.snapeda.com/parts/5005/Keystone/view-part/?ref=eda,https://www.snapeda.com/parts/5005/Keystone/view-part/?ref=snap,5005,In Stock,Keystone Electronics,5.59 mm,Manufacturer Recommendations,F,,5005,Compact-Series
TP6,1,3V3 SYS,KEYSTONE_5005,"Through Hole,P=2.54mm",5005,Yes,tht,"(THM) THRU HOLE MOUNT TEST POINTS - COLOR KEYED, Red Compact",Keystone Electronics,C2906763,THT,,,,534-5005,,,,Keystone Electronics,Test Point Compact THM H .350 Nylon46 Insulated Red PhosBronze/Silver | Keystone Electronics 5005,None,https://www.snapeda.com/parts/5005/Keystone/view-part/?ref=eda,https://www.snapeda.com/parts/5005/Keystone/view-part/?ref=snap,5005,In Stock,Keystone Electronics,5.59 mm,Manufacturer Recommendations,F,,5006,Compact-Series
TP7,1,PR1,KEYSTONE_5005,"Through Hole,P=2.54mm",5005,Yes,tht,"(THM) THRU HOLE MOUNT TEST POINTS - COLOR KEYED, Red Compact",Keystone Electronics,C2906763,THT,,,,534-5005,,,,Keystone Electronics,Test Point Compact THM H .350 Nylon46 Insulated Red PhosBronze/Silver | Keystone Electronics 5005,None,https://www.snapeda.com/parts/5005/Keystone/view-part/?ref=eda,https://www.snapeda.com/parts/5005/Keystone/view-part/?ref=snap,5005,In Stock,Keystone Electronics,5.59 mm,Manufacturer Recommendations,F,,5006,Compact-Series
TP8,1,ST,KEYSTONE_5005,"Through Hole,P=2.54mm",5005,Yes,tht,"(THM) THRU HOLE MOUNT TEST POINTS - COLOR KEYED, Red Compact",Keystone Electronics§,C2906763,THT,,,,534-5005,,,,Keystone Electronics,Test Point Compact THM H .350 Nylon46 Insulated Red PhosBronze/Silver | Keystone Electronics 5005,None,https://www.snapeda.com/parts/5005/Keystone/view-part/?ref=eda,https://www.snapeda.com/parts/5005/Keystone/view-part/?ref=snap,5005,In Stock,Keystone Electronics,5.59 mm,Manufacturer Recommendations,F,,5006,Compact-Series
TP9,1,DCD,KEYSTONE_5121,"Through Hole,P=2.54mm",5121,Yes,tht,"(THM) THRU HOLE MOUNT TEST POINTS - COLOR KEYED, Green Compact",Keystone Electronics§,C5272789,THT,,,,534-5121,,,,Keystone Electronics,Compact THM Test Point -Green,None,https://www.snapeda.com/parts/5121/Keystone/view-part/?ref=eda,https://www.snapeda.com/parts/5121/Keystone/view-part/?ref=snap,5121,In Stock,Keystone Electronics,5.59 mm,Manufacturer Recommendations,F,https://www.snapeda.com/api/url_track_click_mouser/?unipart_id=5529205&manufacturer=Keystone Electronics&part_name=5121&search_term=keystone 5121,5006,
U1,1,TLV77518PDBVR,SOT-23-5_1P75X3P05_TEX,SOT-23-5,TLV77518PDBVR,Yes,smt,"SOT-23-5 Voltage Regulators - Linear, Low Drop Out (LDO) Regulators RoHS",TI,C49292340,SMD,,,,595-TLV77518PDBVR,,,,,,,,,,,,,,,,,
U2,1,TPS2117DRLR,SOTFL50P160X60-8N,SOT-5X3,TPS2117DRLR,Yes,smt,"TPS2117 1.6-V to 5.5-V, 4-A Low IQ Power Mux With Manual and Priority Switchover",TI,C22399676,SMD,,,,595-TPS2117DRLR,,,,Texas Instruments,"1.6-V to 5.5-V, 20-mΩ, 4-A low IQ power multiplexer with manual and priority switchover",None,https://www.snapeda.com/parts/TPS2117DRLR/Texas+Instruments/view-part/?ref=eda,https://www.snapeda.com/parts/TPS2117DRLR/Texas+Instruments/view-part/?ref=snap,TPS2117DRLR,In Stock,Texas Instruments,0.6mm,IPC-7351B,A,https://www.snapeda.com/api/url_track_click_mouser/?unipart_id=15562876&manufacturer=Texas Instruments&part_name=TPS2117DRLR&search_term=tps2117,,
U3,1,THVD4431,RHA0040R-MFG,VQFN-40-EP(6x6),THVD4431RHAR,Yes,smt,"Transceiver 3V~5.5V 1Mbps VQFN-40-EP(6x6) Drivers, Receivers, Transceivers RoHS",TI,C22445427,SMD,,,,595-THVD4431RHAR,,,,,,,,,,,,,,,,,
U4,1,SN74LVC2G14DBV,SOT-23-6,SOT-23-6,SN74LVC2G14DBVR,Yes,smt,"Schmitt trigger 10uA 1.65V~5.5V 2 2 4.7ns@5V,50pF SOT-23-6 Gates and Inverters RoHS",TI,C12401,SMD,,,,595-SN74LVC2G14DBVR,,,,,,,,,,,,,,,,,
U5,1,SN74LVC245ADBR,SOP65P780X200-20N,SSOP-20,SN74LVC245ADBR,Yes,smt,"1.65V~3.6V 10uA 3.8ns@3.3V,50pF SSOP-20 Buffers, Drivers, Receivers, Transceivers RoHS",TI,C393617,SMD,,,,595-SN74LVC245ADBR,,,,,,,,,,,,,,,,,
U6,1,SN74LVC14ADR,SOIC127P600X175-14N,SOIC-14,SN74LVC14ADR,Yes,smt,"Schmitt trigger 1.65V~3.6V 6.2ns@3.3V,50pF 1uA 6 1 SOIC-14 Gates and Inverters RoHS",TI,C133541,SMD,,,,595-SN74LVC14ADR,,,,,,,,,,,,,,,,,
U7,1,SN74LVC14ADR,SOIC127P600X175-14N,SOIC-14,SN74LVC14ADR,Yes,smt,"Schmitt trigger 1.65V~3.6V 6.2ns@3.3V,50pF 1uA 6 1 SOIC-14 Gates and Inverters RoHS",TI,C133541,SMD,,,,595-SN74LVC14ADR,,,,,,,,,,,,,,,,,
U8,1,SN74LVC2G14DBV,SOT-23-6,SOT-23-6,SN74LVC2G14DBVR,Yes,smt,"Schmitt trigger 10uA 1.65V~5.5V 2 2 4.7ns@5V,50pF SOT-23-6 Gates and Inverters RoHS",TI,C12401,SMD,,,,595-SN74LVC2G14DBVR,,,,,,,,,,,,,,,,,
