pos_x,pos_y,rotation,side,designator,mpn,pack,footprint,value,mount_type
45.466,-89.154,-90.0,top,C1,12065C105JAT2A,1206,C_1206_3216Metric,1µF,smt
47.879,-78.945,90.0,top,C10,C1206C225J5RECAUTO,1206,C_1206_3216Metric,2µ2,smt
56.301,-76.327,180.0,top,C11,EEEFT1H470AP,"SMD,D6.3xL5.8mm",CAP_EEEFT1H470AP,47µF,smt
56.301,-98.425,180.0,top,C12,EEEFT1H470AP,"SMD,D6.3xL5.8mm",CAP_EEEFT1H470AP,47µF,smt
52.893,-58.674,0.0,top,C13,C0805C104J5RACTU,0805,C_0805_2012Metric,100nF,smt
69.027,-59.944,0.0,top,C14,C0805C104J5RACTU,0805,C_0805_2012Metric,100nF,smt
76.913,-76.327,0.0,top,C15,12065C105JAT2A,1206,C_1206_3216Metric,1µF,smt
64.946,-86.36,180.0,top,C16,12065C105JAT2A,1206,C_1206_3216Metric,1µF,smt
64.946,-77.597,180.0,top,C17,12065C105JAT2A,1206,C_1206_3216Metric,1µF,smt
64.897,-79.756,180.0,top,C18,C0805C104J5RACTU,0805,C_0805_2012Metric,100nF,smt
64.958,-89.916,180.0,top,C19,C0805C104J5RACTU,0805,C_0805_2012Metric,100nF,smt
53.34,-90.236,-90.0,top,C2,C0805C104J5RACTU,0805,C_0805_2012Metric,100nF,smt
64.963,-81.989,180.0,top,C20,C0805C104J5RACTU,0805,C_0805_2012Metric,100nF,smt
64.958,-84.201,180.0,top,C21,C0805C104J5RACTU,0805,C_0805_2012Metric,100nF,smt
75.885,-85.291,0.0,top,C22,C0805C104J5RACTU,0805,C_0805_2012Metric,100nF,smt
63.439,-51.816,180.0,top,C23,08055C474JAT2A,0805,C_0805_2012Metric,470nF,smt
81.854,-107.95,180.0,top,C24,C0805C104J5RACTU,0805,C_0805_2012Metric,100nF,smt
55.565,-50.8,180.0,top,C25,C0805C104J5RACTU,0805,C_0805_2012Metric,100nF,smt
63.434,-49.784,180.0,top,C26,08055C474JAT2A,0805,C_0805_2012Metric,470nF,smt
81.854,-118.237,180.0,top,C27,C0805C104J5RACTU,0805,C_0805_2012Metric,100nF,smt
70.358,-94.676,-90.0,top,C28,C0805C104J5RACTU,0805,C_0805_2012Metric,100nF,smt
55.499,-121.539,180.0,top,C29,C0805C104J5RACTU,0805,C_0805_2012Metric,100nF,smt
55.626,-90.219,-90.0,top,C3,C1206C225J5RECAUTO,1206,C_1206_3216Metric,2µ2,smt
65.847,-121.539,180.0,top,C30,C0805C104J5RACTU,0805,C_0805_2012Metric,100nF,smt
75.0875,-124.6175,180.0,top,C31,C0805C104J5RACTU,0805,C_0805_2012Metric,100nF,smt
45.466,-84.504,90.0,top,C4,12065C105JAT2A,1206,C_1206_3216Metric,1µF,smt
47.752,-84.455,90.0,top,C5,C0805C104J5RACTU,0805,C_0805_2012Metric,100nF,smt
55.499,-84.328,90.0,top,C6,12065C105JAT2A,1206,C_1206_3216Metric,1µF,smt
53.213,-84.455,90.0,top,C7,C0805C104J5RACTU,0805,C_0805_2012Metric,100nF,smt
50.165,-81.341,90.0,top,C8,C0805C104J5RACTU,0805,C_0805_2012Metric,100nF,smt
45.466,-78.945,90.0,top,C9,12065C105JAT2A,1206,C_1206_3216Metric,1µF,smt
85.459,-96.5,90.0,bottom,CN10,SSW-117-23-G-D,"Through Hole,P=2.54mm",SAMTEC_SSW-117-23-F-D,SSW-117-23-G-D,tht
86.729,-81.026,90.0,bottom,CN7,SSW-110-23-G-D,"Through Hole,P=2.54mm",SAMTEC_SSW-110-23-X-D,SSW-110-23-G-D,tht
39.739,-78.74,90.0,bottom,CN8,SSW-108-23-G-D,"Through Hole,P=2.54mm",SAMTEC_SSW-108-23-F-D,SSW-108-23-G-D,tht
39.739,-101.6,90.0,bottom,CN9,SSW-115-23-G-D,"Through Hole,P=2.54mm",SAMTEC_SSW-115-23-F-D,SSW-115-23-G-D,tht
33.997999,-165.5445,0.0,top,D1,IN-S63ATR,0603,LED_0603_WRE,LED,smt
70.612,-164.364001,90.0,top,D10,IN-S63AT5G,0603,LED_0603_WRE,LED,smt
83.312,-164.326,90.0,top,D11,IN-S63AT5A,0603,LED_0603_WRE,LED,smt
85.344,-164.326,90.0,top,D12,IN-S63AT5G,0603,LED_0603_WRE,LED,smt
38.862,-155.956,90.0,top,D13,IN-S63AT5A,0603,LED_0603_WRE,LED,smt
40.894,-155.956,90.0,top,D14,IN-S63AT5G,0603,LED_0603_WRE,LED,smt
68.58,-155.956,90.0,top,D15,IN-S63AT5A,0603,LED_0603_WRE,LED,smt
70.612,-155.956,90.0,top,D16,IN-S63AT5G,0603,LED_0603_WRE,LED,smt
53.594,-155.956,90.0,top,D17,IN-S63AT5A,0603,LED_0603_WRE,LED,smt
55.626,-155.956,90.0,top,D18,IN-S63AT5G,0603,LED_0603_WRE,LED,smt
83.312,-155.956,90.0,top,D19,IN-S63AT5A,0603,LED_0603_WRE,LED,smt
81.831,-109.982,0.0,top,D2,BAT54JFILM,SOD-323,D_SOD-323F,BAT54J,smt
85.344,-155.956,90.0,top,D20,IN-S63AT5G,0603,LED_0603_WRE,LED,smt
60.706,-40.551001,-90.0,top,D3,IN-S63AT5G,0603,LED_0603_WRE,LED,smt
58.166,-40.551001,-90.0,top,D4,IN-S63AT5A,0603,LED_0603_WRE,LED,smt
81.831,-116.205,0.0,top,D5,BAT54JFILM,SOD-323,D_SOD-323F,BAT54J,smt
40.767,-164.326,90.0,top,D6,IN-S63AT5G,0603,LED_0603_WRE,LED,smt
53.721,-164.326,90.0,top,D7,IN-S63AT5A,0603,LED_0603_WRE,LED,smt
55.753,-164.326,90.0,top,D8,IN-S63AT5G,0603,LED_0603_WRE,LED,smt
68.58,-164.364001,90.0,top,D9,IN-S63AT5A,0603,LED_0603_WRE,LED,smt
77.089,-65.913,90.0,top,J1,HTSW-103-07-G-S,"Through Hole,P=2.54mm",Samtec HTSW-103-07-F-S,HD-A(Y),tht
46.228,-164.326,0.0,top,J10,HTSW-103-07-F-S,"Through Hole,P=2.54mm",Samtec HTSW-103-07-F-S,SW ENA,tht
61.087,-164.326,0.0,top,J11,HTSW-103-07-F-S,"Through Hole,P=2.54mm",Samtec HTSW-103-07-F-S,MODE0,tht
75.946,-164.326,0.0,top,J12,HTSW-103-07-F-S,"Through Hole,P=2.54mm",Samtec HTSW-103-07-F-S,MODE1,tht
90.678,-164.326,0.0,top,J13,HTSW-103-07-F-S,"Through Hole,P=2.54mm",Samtec HTSW-103-07-F-S,MODE2,tht
46.228,-155.956,0.0,top,J14,HTSW-103-07-F-S,"Through Hole,P=2.54mm",Samtec HTSW-103-07-F-S,DIR,tht
75.946,-155.956,0.0,top,J15,HTSW-103-07-F-S,"Through Hole,P=2.54mm",Samtec HTSW-103-07-F-S,TERM TX,tht
61.087,-155.956,0.0,top,J16,HTSW-103-07-F-S,"Through Hole,P=2.54mm",Samtec HTSW-103-07-F-S,TERM RX,tht
90.678,-155.956,0.0,top,J17,HTSW-103-07-F-S,"Through Hole,P=2.54mm",Samtec HTSW-103-07-F-S,SLR,tht
69.088,-65.913,90.0,top,J2,HTSW-103-07-F-S,"Through Hole,P=2.54mm",Samtec HTSW-103-07-F-S,HD-B(Z),tht
53.074,-65.913,90.0,top,J3,HTSW-103-07-F-S,"Through Hole,P=2.54mm",Samtec HTSW-103-07-F-S,TERM (A/B),tht
61.087,-65.913,90.0,top,J4,HTSW-103-07-F-S,"Through Hole,P=2.54mm",Samtec HTSW-103-07-F-S,TERM (Y/Z),tht
52.374,-38.369,180.0,top,J5,1190299,"Through Hole,P=5mm",PHOENIX_1190299,TERM BLK 4POS 5mm TH,tht
86.624099,-56.387797,180.0,top,J6,2301843-2,Through Hole,CONN9_2301843-2_TEC,CONN D-SUB PLUG 9POS TH,tht
34.036,-160.147,-90.0,top,J7,HTSW-103-07-F-S,"Through Hole,P=2.54mm",Samtec HTSW-103-07-F-S,TCVR PWR,tht
59.436,-55.88,0.0,top,J8,HTSW-103-07-F-S,"Through Hole,P=2.54mm",Samtec HTSW-103-07-F-S,TX LED,tht
59.436,-45.72,0.0,top,J9,HTSW-103-07-F-S,"Through Hole,P=2.54mm",Samtec HTSW-103-07-F-S,RX LED,tht
49.53,-87.11,90.0,top,R1,AC0603FR-7W150KL,0603,R_0603,150K,smt
34.036,-167.386,0.0,top,R10,AC0603FR-07590RL,0603,R_0603,590R,smt
82.931,-77.609,90.0,top,R11,AC0603FR-7W10KL,0603,R_0603,10K,smt
81.8,-111.887,180.0,top,R12,AC0603FR-7W1KL,0603,R_0603,1K,smt
55.511,-52.451,0.0,top,R13,AC0603FR-07453KL,0603,R_0603,453K,smt
44.958,-96.901,-90.0,top,R14,AC0603FR-7W330RL,0603,R_0603,330R,smt
64.262,-40.501,90.0,top,R15,AC0603FR-7W1ML,0603,R_0603,1M,smt
62.687999,-40.501,90.0,top,R16,AC0603FR-07590RL,0603,R_0603,590R,smt
81.829,-114.3,180.0,top,R17,AC0603FR-7W1KL,0603,R_0603,1K,smt
55.511,-49.149,0.0,top,R18,AC0603FR-07453KL,0603,R_0603,453K,smt
54.483,-40.501,90.0,top,R19,AC0603FR-7W1ML,0603,R_0603,1M,smt
50.8,-87.122,-90.0,top,R2,AC0603FR-7W100KL,0603,R_0603,100K,smt
56.134,-40.501,-90.0,top,R20,AC0603FR-07137KL,0603,R_0603,137R,smt
44.958,-93.218,90.0,top,R21,AC0603FR-7W330RL,0603,R_0603,330R,smt
43.7,-161.036,180.0,top,R22,AC0603FR-7W10KL,0603,R_0603,10K,smt
69.469,-99.58,-90.0,top,R23,AC0603FR-7W10KL,0603,R_0603,10K,smt
80.264,-102.362,-90.0,top,R24,AC0603FR-7W100KL,0603,R_0603,100K,smt
79.375,-93.599,90.0,top,R25,AC0603FR-7W100KL,0603,R_0603,100K,smt
40.767,-161.544,-90.0,top,R26,AC0603FR-07590RL,0603,R_0603,590R,smt
48.653,-161.036,0.0,top,R27,AC0603FR-7W100KL,0603,R_0603,100K,smt
61.099,-160.655,0.0,top,R28,AC0603FR-7W1ML,0603,R_0603,1M,smt
75.946,-160.655,0.0,top,R29,AC0603FR-7W1ML,0603,R_0603,1M,smt
52.959,-60.706,0.0,top,R3,AC0603FR-7W120RL,0603,R_0603,120R,smt
90.69,-160.655,0.0,top,R30,AC0603FR-7W1ML,0603,R_0603,1M,smt
53.721,-161.405,90.0,top,R31,AC0603FR-07137KL,0603,R_0603,137R,smt
55.753,-161.405,-90.0,top,R32,AC0603FR-07590RL,0603,R_0603,590R,smt
68.58,-161.443001,90.0,top,R33,AC0603FR-07137KL,0603,R_0603,137R,smt
70.612,-161.443001,-90.0,top,R34,AC0603FR-07590RL,0603,R_0603,590R,smt
83.312,-161.405,90.0,top,R35,AC0603FR-07137KL,0603,R_0603,137R,smt
85.344,-161.405,-90.0,top,R36,AC0603FR-07590RL,0603,R_0603,590R,smt
50.431,-123.444,0.0,top,R37,AC0603FR-7W100KL,0603,R_0603,100K,smt
50.431,-128.524,0.0,top,R38,AC0603FR-7W100KL,0603,R_0603,100K,smt
60.718,-127.254,180.0,top,R39,AC0603FR-7W100KL,0603,R_0603,100K,smt
61.087,-60.706,0.0,top,R4,AC0603FR-7W120RL,0603,R_0603,120R,smt
63.766,-160.655,0.0,top,R40,AC0603FR-7W10KL,0603,R_0603,10K,smt
58.432,-160.655,0.0,top,R41,AC0603FR-7W10KL,0603,R_0603,10K,smt
78.601,-160.655,0.0,top,R42,AC0603FR-7W10KL,0603,R_0603,10K,smt
73.291,-160.655,0.0,top,R43,AC0603FR-7W10KL,0603,R_0603,10K,smt
93.345,-160.655,0.0,top,R44,AC0603FR-7W10KL,0603,R_0603,10K,smt
88.011,-160.655,0.0,top,R45,AC0603FR-7W10KL,0603,R_0603,10K,smt
46.216,-152.273,0.0,top,R46,AC0603FR-7W1ML,0603,R_0603,1M,smt
75.946,-152.273,0.0,top,R47,AC0603FR-7W1ML,0603,R_0603,1M,smt
61.087,-152.273,0.0,top,R48,AC0603FR-7W1ML,0603,R_0603,1M,smt
38.862,-153.035,90.0,top,R49,AC0603FR-07137KL,0603,R_0603,137R,smt
47.498,-57.4275,-90.0,top,R5,CRCW08050000Z0EAHP,0603,R_0805_2012Metric,0R,smt
40.894,-153.035,-90.0,top,R50,AC0603FR-07590RL,0603,R_0603,590R,smt
68.58,-153.023,90.0,top,R51,AC0603FR-07137KL,0603,R_0603,137R,smt
70.612,-153.023,-90.0,top,R52,AC0603FR-07590RL,0603,R_0603,590R,smt
53.594,-153.035,90.0,top,R53,AC0603FR-07137KL,0603,R_0603,137R,smt
55.626,-153.035,-90.0,top,R54,AC0603FR-07590RL,0603,R_0603,590R,smt
60.718,-123.444,0.0,top,R55,AC0603FR-7W100KL,0603,R_0603,100K,smt
60.706,-128.524,0.0,top,R56,AC0603FR-7W100KL,0603,R_0603,100K,smt
71.005,-127.508,180.0,top,R57,AC0603FR-7W100KL,0603,R_0603,100K,smt
48.895,-152.273,0.0,top,R58,AC0603FR-7W10KL,0603,R_0603,10K,smt
43.549,-152.273,0.0,top,R59,AC0603FR-7W10KL,0603,R_0603,10K,smt
42.545,-57.4275,-90.0,top,R6,CRCW08050000Z0EAHP,0603,R_0805_2012Metric,0R,smt
78.625,-152.273,0.0,top,R60,AC0603FR-7W10KL,0603,R_0603,10K,smt
73.279,-152.273,0.0,top,R61,AC0603FR-7W10KL,0603,R_0603,10K,smt
63.742,-152.273,0.0,top,R62,AC0603FR-7W10KL,0603,R_0603,10K,smt
58.305,-152.273,0.0,top,R63,AC0603FR-7W10KL,0603,R_0603,10K,smt
90.678,-152.273,0.0,top,R64,AC0603FR-7W1ML,0603,R_0603,1M,smt
83.312,-153.035,90.0,top,R65,AC0603FR-07137KL,0603,R_0603,137R,smt
85.344,-153.035,-90.0,top,R66,AC0603FR-07590RL,0603,R_0603,590R,smt
71.0235,-125.8875,0.0,top,R67,AC0603FR-7W100KL,0603,R_0603,100K,smt
93.345,-152.273,0.0,top,R68,AC0603FR-7W10KL,0603,R_0603,10K,smt
88.011,-152.273,0.0,top,R69,AC0603FR-7W10KL,0603,R_0603,10K,smt
37.592,-57.4275,-90.0,top,R7,CRCW08050000Z0EAHP,0603,R_0805_2012Metric,0R,smt
82.931,-89.928,90.0,top,R70,AC0603FR-7W330RL,0603,R_0603,330R,smt
82.931,-92.722,-90.0,top,R71,AC0603FR-7W330RL,0603,R_0603,330R,smt
82.931,-95.504,90.0,top,R72,AC0603FR-7W330RL,0603,R_0603,330R,smt
44.958,-105.41,90.0,top,R73,AC0603FR-7W330RL,0603,R_0603,330R,smt
44.958,-101.358,90.0,top,R74,AC0603FR-7W330RL,0603,R_0603,330R,smt
44.958,-110.49,90.0,top,R75,AC0603FR-7W330RL,0603,R_0603,330R,smt
44.958,-115.57,-90.0,top,R76,AC0603FR-7W330RL,0603,R_0603,330R,smt
32.512,-57.4275,-90.0,top,R8,CRCW08050000Z0EAHP,0603,R_0805_2012Metric,0R,smt
44.958,-137.414,90.0,top,R9,AC0603FR-7W330RL,0603,R_0603,330R,smt
34.163,-119.126,180.0,top,TP1,5006,"Through Hole,P=2.54mm",KEYSTONE_5006,GND,tht
93.472,-65.151,0.0,top,TP10,5121,"Through Hole,P=2.54mm",KEYSTONE_5121,DCD,tht
32.512,-61.722,0.0,top,TP11,5014,"Through Hole,P=2.54mm",KEYSTONE_5009,TX-(Z),tht
34.163,-137.16,0.0,top,TP12,5122,"Through Hole,P=2.54mm",KEYSTONE_5122,RXD,tht
93.472,-71.12,0.0,top,TP13,5122,"Through Hole,P=2.54mm",KEYSTONE_5122,RXD,tht
37.592,-61.595,90.0,top,TP14,5014,"Through Hole,P=2.54mm",KEYSTONE_5009,TX+(Y),tht
34.163,-143.129,0.0,top,TP15,5122,"Through Hole,P=2.54mm",KEYSTONE_5122,TXD,tht
93.472,-77.089,0.0,top,TP16,5122,"Through Hole,P=2.54mm",KEYSTONE_5122,TXD,tht
42.672,-61.722,0.0,top,TP17,5013,"Through Hole,P=2.54mm",KEYSTONE_5008,RX+(A),tht
34.163,-149.098,0.0,top,TP18,5121,"Through Hole,P=2.54mm",KEYSTONE_5121,DTR,tht
93.472,-83.058,90.0,top,TP19,5121,"Through Hole,P=2.54mm",KEYSTONE_5121,DTR,tht
34.163,-112.903,0.0,top,TP2,5005,"Through Hole,P=2.54mm",KEYSTONE_5005,5V0 IN,tht
47.498,-61.849,0.0,top,TP20,5013,"Through Hole,P=2.54mm",KEYSTONE_5008,RX-(B),tht
93.472,-149.033817,0.0,top,TP21,5121,"Through Hole,P=2.54mm",KEYSTONE_5121,RI,tht
93.472,-89.027,0.0,top,TP22,5006,"Through Hole,P=2.54mm",KEYSTONE_5006,GND,tht
93.472,-143.064817,0.0,top,TP23,5122,"Through Hole,P=2.54mm",KEYSTONE_5122,RTS,tht
93.472,-95.25,0.0,top,TP24,5122,"Through Hole,P=2.54mm",KEYSTONE_5122,DSR,tht
93.472,-137.095817,0.0,top,TP25,5122,"Through Hole,P=2.54mm",KEYSTONE_5122,CTS,tht
93.472,-101.219,0.0,top,TP26,5122,"Through Hole,P=2.54mm",KEYSTONE_5122,RTS,tht
93.472,-131.126817,0.0,top,TP27,5122,"Through Hole,P=2.54mm",KEYSTONE_5122,DSR,tht
93.472,-107.188,0.0,top,TP28,5122,"Through Hole,P=2.54mm",KEYSTONE_5122,CTS,tht
93.472,-119.126,0.0,top,TP29,5006,"Through Hole,P=2.54mm",KEYSTONE_5006,GND,tht
34.163,-100.965,0.0,top,TP3,5005,"Through Hole,P=2.54mm",KEYSTONE_5005,3V3 LDO,tht
93.472,-113.157,0.0,top,TP30,5121,"Through Hole,P=2.54mm",KEYSTONE_5121,RI,tht
34.163,-82.804,-90.0,top,TP4,5006,"Through Hole,P=2.54mm",KEYSTONE_5006,GND,tht
34.163,-76.835,0.0,top,TP5,5005,"Through Hole,P=2.54mm",KEYSTONE_5005,3V3 IN,tht
34.163,-88.773,0.0,top,TP6,5005,"Through Hole,P=2.54mm",KEYSTONE_5005,3V3 SYS,tht
34.163,-106.934,0.0,top,TP7,5005,"Through Hole,P=2.54mm",KEYSTONE_5005,PR1,tht
34.163,-94.869,0.0,top,TP8,5005,"Through Hole,P=2.54mm",KEYSTONE_5005,ST,tht
34.163,-131.191,0.0,top,TP9,5121,"Through Hole,P=2.54mm",KEYSTONE_5121,DCD,tht
50.1142,-90.358001,0.0,top,U1,TLV77518PDBVR,SOT-23-5,SOT-23-5_1P75X3P05_TEX,TLV77518PDBVR,smt
50.192,-84.467,0.0,top,U2,TPS2117DRLR,SOT-5X3,SOTFL50P160X60-8N,TPS2117DRLR,smt
72.019,-80.762,90.0,top,U3,THVD4431RHAR,VQFN-40-EP(6x6),RHA0040R-MFG,THVD4431,smt
59.436,-50.734,180.0,top,U4,SN74LVC2G14DBVR,SOT-23-6,SOT-23-6,SN74LVC2G14DBV,smt
75.311,-97.79,90.0,top,U5,SN74LVC245ADBR,SSOP-20,SOP65P780X200-20N,SN74LVC245ADBR,smt
55.564,-127.254,0.0,top,U6,SN74LVC14ADR,SOIC-14,SOIC127P600X175-14N,SN74LVC14ADR,smt
65.848,-127.254,0.0,top,U7,SN74LVC14ADR,SOIC-14,SOIC127P600X175-14N,SN74LVC14ADR,smt
75.0875,-127.5385,0.0,top,U8,SN74LVC2G14DBVR,SOT-23-6,SOT-23-6,SN74LVC2G14DBV,smt
