"Reference","Qty","Value","DNP","Exclude from BOM","Exclude from Board","Footprint","Datasheet","Color","DNP","Dielectric","LCSC","MPN","Manufacturer","Package","Tolerance","Type","Voltage","Description","Mouser PN"
"C1,C4,C6,C9,C15,C16,C17","7","1µF","","","","Capacitor_SMD:C_1206_3216Metric","https://datasheets.kyocera-avx.com/KGM_X7R.pdf","","","X7R","C597503","12065C105JAT2A","Kyocera AVX","1206","5%","SMD","50V","1uF ±5% 50V Ceramic Capacitor X7R 1206","581-12065C105JAT2A"
"C2,C5,C7,C8,C18,C19,C20,C21,C22,C24,C25,C27,C28,C29,C30,C31","16","100nF","","","","Capacitor_SMD:C_0805_2012Metric","https://www.lcsc.com/datasheet/C2167095.pdf","","","X7R","C2167095","C0805C104J5RACTU","KEMET","0805","5%","SMD","50V","100nF ±5% 50V Ceramic Capacitor X7R 0805","80-C0805C104J5R"
"C3,C10","2","2µ2","","","","Capacitor_SMD:C_1206_3216Metric","https://www.lcsc.com/datasheet/C1513220.pdf","","","X7R","C1513220","C1206C225J5RECAUTO","KEMET","1206","5%","SMD","50V","2.2uF X7R ±5% 50V 1206 Ceramic Capacitors RoHS","80-C1206C225J5RECAUT"
"C11","1","47µF","","","","EEEFT1H470AP:CAP_EEEFT1H470AP","~","","","20%","C92059","EEEFT1H470AP","PANASONIC","SMD,D6.3xL5.8mm","20%","SMD","50V","47uF ±20% 50V Aluminum Electrolytic Capacitors 2000hrs@105℃","667-EEE-FT1H470AP"
"C12","1","47µF","DNP","Excluded from BOM","","EEEFT1H470AP:CAP_EEEFT1H470AP","~","","DNP","20%","C92059","EEEFT1H470AP","PANASONIC","SMD,D6.3xL5.8mm","20%","SMD","50V","47uF ±20% 50V Aluminum Electrolytic Capacitors 2000hrs@105℃","667-EEE-FT1H470AP"
"C13,C14","2","100nF","DNP","Excluded from BOM","","Capacitor_SMD:C_0805_2012Metric","https://www.lcsc.com/datasheet/C2167095.pdf","","DNP","X7R","C2167095","C0805C104J5RACTU","KEMET","0805","5%","SMD","50V","100nF ±5% 50V Ceramic Capacitor X7R 0805","80-C0805C104J5R"
"C23,C26","2","470nF","","","","Capacitor_SMD:C_0805_2012Metric","https://datasheets.kyocera-avx.com/KGM_X7R.pdf","","","X7R","C14663","08055C474JAT2A","Kyocera AVX","0805","5%","SMD","50V","470nF ±5% 50V Ceramic Capacitor X7R 0805","581-08055C474JAT2A"
"CN7","1","SSW-110-23-G-D","","","","SSW-110-23-X-D:SAMTEC_SSW-110-23-X-D","https://www.lcsc.com/datasheet/C6236460.pdf","","","","C6236460","SSW-110-23-G-D","Samtec","Through Hole,P=2.54mm","","THT","","Female Header 20 Position 2.54mm Pitch Dual Row Through Hole -55℃~+125℃","200-SSW11023GD"
"CN8","1","SSW-108-23-G-D","","","","SSW-108-23-F-D:SAMTEC_SSW-108-23-F-D","https://www.lcsc.com/datasheet/C7019040.pdf","","","","C7019040","SSW-108-23-G-D","Samtec","Through Hole,P=2.54mm","","THT","","Female Header 16 Position 2.54mm Pitch Dual Row Through Hole -55℃~+125℃","200-SSW10823GD"
"CN9","1","SSW-115-23-G-D","","","","SSW-115-23-F-D:SAMTEC_SSW-115-23-F-D","https://www.lcsc.com/datasheet/C7089189.pdf","","","","C7089189","SSW-115-23-G-D","Samtec","Through Hole,P=2.54mm","","THT","","Female Header 30 Position 2.54mm Pitch Dual Row Through Hole -55℃~+125℃","200-SSW11523GD"
"CN10","1","SSW-117-23-G-D","","","","SSW-117-23-F-D:SAMTEC_SSW-117-23-F-D","https://www.lcsc.com/datasheet/C6501751.pdf","","","","C6501751","SSW-117-23-G-D","Samtec","Through Hole,P=2.54mm","","THT","","Female Header 34 Position 2.54mm Pitch Dual Row Through Hole -55℃~+125℃","200-SSW11723GD"
"D1","1","LED","","","","IN-S63AT:LED_0603_WRE","https://www.lcsc.com/datasheet/C6639626.pdf","Red","","","C6639626","IN-S63ATR","Inolux","0603","","SMD","2,2V","636nm 120° 20mA Red 2.2V 0603 LED Indication - Discrete RoHS","743-S63ATR"
"D2,D5","2","BAT54J","","","","Diode_SMD:D_SOD-323F","https://www.lcsc.com/datasheet/C86299.pdf","","","","C86299","BAT54JFILM","ST","SOD-323","","SMD","40V","Diode 40V 300mA Surface Mount SOD-323","511-BAT54JFILM"
"D3,D6,D8,D10,D12,D14,D16,D18,D20","9","LED","","","","IN-S63AT:LED_0603_WRE","~","Green","","","C5656662","IN-S63AT5G","Inolux","0603","","SMD","2,7V","Emerald Green 530nm LED Indication - Discrete 2.7V 0603","743-IN-S63AT5G"
"D4,D7,D9,D11,D13,D15,D17,D19","8","LED","","","","IN-S63AT:LED_0603_WRE","~","Amber","","","C5656657","IN-S63AT5A","Inolux","0603","","SMD","2,0V","Amber 609nm LED Indication - Discrete 2V 0603","743-IN-S63AT5A"
"J1","1","HD-A(Y)","","","","Samtec_Connector:Samtec HTSW-103-07-F-S","https://www.lcsc.com/datasheet/C5714562.pdf","","","","C5714562","HTSW-103-07-G-S","Samtec","Through Hole,P=2.54mm","","THT","","Pin Header 3 Position 2.54mm Pitch Single Row Through Hole -55℃~+125℃","200-HTSW10307GS"
"J2","1","HD-B(Z)","","","","Samtec_Connector:Samtec HTSW-103-07-F-S","https://www.lcsc.com/datasheet/C5714562.pdf","","","","C5714562","HTSW-103-07-F-S","Samtec","Through Hole,P=2.54mm","","THT","","Pin Header 3 Position 2.54mm Pitch Single Row Through Hole -55℃~+125℃","200-HTSW10307GS"
"J3","1","TERM (A/B)","","","","Samtec_Connector:Samtec HTSW-103-07-F-S","https://www.lcsc.com/datasheet/C5714562.pdf","","","","C5714562","HTSW-103-07-F-S","Samtec","Through Hole,P=2.54mm","","THT","","Pin Header 3 Position 2.54mm Pitch Single Row Through Hole -55℃~+125℃","200-HTSW10307GS"
"J4","1","TERM (Y/Z)","","","","Samtec_Connector:Samtec HTSW-103-07-F-S","https://www.lcsc.com/datasheet/C5714562.pdf","","","","C5714562","HTSW-103-07-F-S","Samtec","Through Hole,P=2.54mm","","THT","","Pin Header 3 Position 2.54mm Pitch Single Row Through Hole -55℃~+125℃","200-HTSW10307GS"
"J5","1","TERM BLK 4POS 5mm TH","","","","PH1190299:PHOENIX_1190299","https://www.lcsc.com/datasheet/C3309834.pdf","","","","C3309834","1190299","Phoenix Contact","Through Hole,P=5mm","","THT","","4 Position Wire to Board Terminal Block 5mm Through Hole","651-1190299"
"J6","1","CONN D-SUB PLUG 9POS TH","","","","SubD-M-2301843-2:CONN9_2301843-2_TEC","https://www.lcsc.com/datasheet/C591554.pdf","","","","C591554","2301843-2","TE Connectivity","Through Hole","","THT","","Connector D-Sub, Male 9 Position 2 Row Through Hole","571-2301843-2"
"J7","1","TCVR PWR","","","","Samtec_Connector:Samtec HTSW-103-07-F-S","https://www.lcsc.com/datasheet/C5714562.pdf","","","","C5714562","HTSW-103-07-F-S","Samtec","Through Hole,P=2.54mm","","THT","","Pin Header 3 Position 2.54mm Pitch Single Row Through Hole -55℃~+125℃","200-HTSW10307GS"
"J8","1","TX LED","","","","Samtec_Connector:Samtec HTSW-103-07-F-S","https://www.lcsc.com/datasheet/C5714562.pdf","","","","C5714562","HTSW-103-07-F-S","Samtec","Through Hole,P=2.54mm","","THT","","Pin Header 3 Position 2.54mm Pitch Single Row Through Hole -55℃~+125℃","200-HTSW10307GS"
"J9","1","RX LED","","","","Samtec_Connector:Samtec HTSW-103-07-F-S","https://www.lcsc.com/datasheet/C5714562.pdf","","","","C5714562","HTSW-103-07-F-S","Samtec","Through Hole,P=2.54mm","","THT","","Pin Header 3 Position 2.54mm Pitch Single Row Through Hole -55℃~+125℃","200-HTSW10307GS"
"J10","1","SW ENA","","","","Samtec_Connector:Samtec HTSW-103-07-F-S","https://www.lcsc.com/datasheet/C5714562.pdf","","","","C5714562","HTSW-103-07-F-S","Samtec","Through Hole,P=2.54mm","","THT","","Pin Header 3 Position 2.54mm Pitch Single Row Through Hole -55℃~+125℃","200-HTSW10307GS"
"J11","1","MODE0","","","","Samtec_Connector:Samtec HTSW-103-07-F-S","https://www.lcsc.com/datasheet/C5714562.pdf","","","","C5714562","HTSW-103-07-F-S","Samtec","Through Hole,P=2.54mm","","THT","","Pin Header 3 Position 2.54mm Pitch Single Row Through Hole -55℃~+125℃","200-HTSW10307GS"
"J12","1","MODE1","","","","Samtec_Connector:Samtec HTSW-103-07-F-S","https://www.lcsc.com/datasheet/C5714562.pdf","","","","C5714562","HTSW-103-07-F-S","Samtec","Through Hole,P=2.54mm","","THT","","Pin Header 3 Position 2.54mm Pitch Single Row Through Hole -55℃~+125℃","200-HTSW10307GS"
"J13","1","MODE2","","","","Samtec_Connector:Samtec HTSW-103-07-F-S","https://www.lcsc.com/datasheet/C5714562.pdf","","","","C5714562","HTSW-103-07-F-S","Samtec","Through Hole,P=2.54mm","","THT","","Pin Header 3 Position 2.54mm Pitch Single Row Through Hole -55℃~+125℃","200-HTSW10307GS"
"J14","1","DIR","","","","Samtec_Connector:Samtec HTSW-103-07-F-S","https://www.lcsc.com/datasheet/C5714562.pdf","","","","C5714562","HTSW-103-07-F-S","Samtec","Through Hole,P=2.54mm","","THT","","Pin Header 3 Position 2.54mm Pitch Single Row Through Hole -55℃~+125℃","200-HTSW10307GS"
"J15","1","TERM TX","","","","Samtec_Connector:Samtec HTSW-103-07-F-S","https://www.lcsc.com/datasheet/C5714562.pdf","","","","C5714562","HTSW-103-07-F-S","Samtec","Through Hole,P=2.54mm","","THT","","Pin Header 3 Position 2.54mm Pitch Single Row Through Hole -55℃~+125℃","200-HTSW10307GS"
"J16","1","TERM RX","","","","Samtec_Connector:Samtec HTSW-103-07-F-S","https://www.lcsc.com/datasheet/C5714562.pdf","","","","C5714562","HTSW-103-07-F-S","Samtec","Through Hole,P=2.54mm","","THT","","Pin Header 3 Position 2.54mm Pitch Single Row Through Hole -55℃~+125℃","200-HTSW10307GS"
"J17","1","SLR","","","","Samtec_Connector:Samtec HTSW-103-07-F-S","https://www.lcsc.com/datasheet/C5714562.pdf","","","","C5714562","HTSW-103-07-F-S","Samtec","Through Hole,P=2.54mm","","THT","","Pin Header 3 Position 2.54mm Pitch Single Row Through Hole -55℃~+125℃","200-HTSW10307GS"
"R1","1","150K","","","","PCM_fab:R_0603","https://www.lcsc.com/datasheet/C20142013.pdf","","","","C20142013","AC0603FR-7W150KL","YAGEO","0603","","SMD","","200mW 150kΩ Thick Film Resistor ±100ppm/℃ ±1% 0603 Chip Resistor - Surface Mount RoHS","603-AC0603FR-7W150KL"
"R2,R24,R25,R27,R37,R38,R39,R55,R56,R57,R67","11","100K","","","","PCM_fab:R_0603","https://www.lcsc.com/datasheet/C5552302.pdf","","","","C5552302","AC0603FR-7W100KL","YAGEO","0603","","SMD","","200mW 100kΩ Thick Film Resistor ±100ppm/℃ ±1% 0603 Chip Resistor - Surface Mount RoHS","603-AC0603FR-7W100KL"
"R3,R4","2","120R","","","","PCM_fab:R_0603","https://www.lcsc.com/datasheet/C5552306.pdf","","","","C5552306","AC0603FR-7W120RL","YAGEO","0603","","SMD","","200mW 120Ω Thick Film Resistor ±100ppm/℃ ±1% 0603 Chip Resistor - Surface Mount RoHS","603-AC0603FR-7W120RL"
"R5,R6,R7,R8","4","0R","","","","PCM_SparkFun-Resistor:R_0805_2012Metric","https://www.lcsc.com/datasheet/C844811.pdf","","","","C844811","CRCW08050000Z0EAHP","VISHAY","0603","","SMD","","500mW 0Ω 150V Thick Film Resistor 0805 Chip Resistor - Surface Mount RoHS","71-CRCW08050000Z0EAH"
"R9,R14,R21,R70,R71,R72,R73,R74,R75,R76","10","330R","","","","PCM_fab:R_0603","https://www.lcsc.com/datasheet/C513549.pdf","","","","C513549","AC0603FR-7W330RL","YAGEO","0603","","SMD","","330Ω ±1% 200mW 0603 Thick Film Resistor","603-AC0603FR-7W330RL"
"R10,R16,R26,R32,R34,R36,R50,R52,R54,R66","10","590R","","","","PCM_fab:R_0603","https://www.lcsc.com/datasheet/C227973.pdf","","","","C227973","AC0603FR-07590RL","YAGEO","0603","","SMD","","590Ω 100mW 75V Thick Film Resistor ±100ppm/℃ ±1% 0603 Chip Resistor - Surface Mount RoHS","603-AC0603FR-07590RL"
"R11,R22,R23,R40,R41,R42,R43,R44,R45,R58,R59,R60,R61,R62,R63,R68,R69","17","10K","","","","PCM_fab:R_0603","https://www.lcsc.com/datasheet/C20142011.pdf","","","","C20142011","AC0603FR-7W10KL","YAGEO","0603","","SMD","","10kΩ 200mW Thick Film Resistor ±100ppm/℃ ±1% 0603 Chip Resistor - Surface Mount RoHS","603-AC0603FR-7W10KL"
"R12,R17","2","1K","","","","PCM_fab:R_0603","https://www.lcsc.com/datasheet/C6113732.pdf","","","","C6113732","AC0603FR-7W1KL","YAGEO","0603","","SMD","","200mW 1kΩ Thick Film Resistor ±100ppm/℃ ±1% 0603 Chip Resistor - Surface Mount RoHS","603-AC0603FR-7W1KL"
"R13,R18","2","453K","","","","PCM_fab:R_0603","https://www.lcsc.com/datasheet/C227908.pdf","","","","C227908","AC0603FR-07453KL","YAGEO","0603","","SMD","","453kΩ 100mW 75V Thick Film Resistor ±100ppm/℃ ±1% 0603 Chip Resistor - Surface Mount RoHS","603-AC0603FR-07453KL"
"R15,R19,R28,R29,R30,R46,R47,R48,R64","9","1M","","","","PCM_fab:R_0603","https://www.lcsc.com/datasheet/C20142017.pdf","","","","C20142017","AC0603FR-7W1ML","YAGEO","0603","","SMD","","200mW 1MΩ Thick Film Resistor ±100ppm/℃ ±1% 0603 Chip Resistor - Surface Mount RoHS","603-AC0603FR-7W1ML"
"R20,R31,R33,R35,R49,R51,R53,R65","8","137R","","","","PCM_fab:R_0603","https://www.lcsc.com/datasheet/C227579.pdf","","","","C227579","AC0603FR-07137KL","YAGEO","0603","","SMD","","137kΩ 100mW 75V Thick Film Resistor ±100ppm/℃ ±1% 0603 Chip Resistor - Surface Mount RoHS","603-AC0603FR-07137KL"
"TP1,TP4,TP22,TP29","4","GND","","","","5006_Black:KEYSTONE_5006","https://www.lcsc.com/datasheet/C2906764.pdf","","","","C2906764","5006","Keystone Electronics","Through Hole,P=2.54mm","","THT","","(THM) THRU HOLE MOUNT TEST POINTS - COLOR KEYED, Black Compact","534-5006"
"TP2","1","5V0 IN","","","","5005_Red:KEYSTONE_5005","https://www.lcsc.com/datasheet/C2906763.pdf","","","","C2906763","5005","Keystone Electronics","Through Hole,P=2.54mm","","THT","","(THM) THRU HOLE MOUNT TEST POINTS - COLOR KEYED, Red Compact","534-5005"
"TP3","1","3V3 LDO","","","","5005_Red:KEYSTONE_5005","https://www.lcsc.com/datasheet/C2906763.pdf","","","","C2906763","5005","Keystone Electronics","Through Hole,P=2.54mm","","THT","","(THM) THRU HOLE MOUNT TEST POINTS - COLOR KEYED, Red Compact","534-5005"
"TP5","1","3V3 IN","","","","5005_Red:KEYSTONE_5005","https://www.lcsc.com/datasheet/C2906763.pdf","","","","C2906763","5005","Keystone Electronics","Through Hole,P=2.54mm","","THT","","(THM) THRU HOLE MOUNT TEST POINTS - COLOR KEYED, Red Compact","534-5005"
"TP6","1","3V3 SYS","","","","5005_Red:KEYSTONE_5005","https://www.lcsc.com/datasheet/C2906763.pdf","","","","C2906763","5005","Keystone Electronics","Through Hole,P=2.54mm","","THT","","(THM) THRU HOLE MOUNT TEST POINTS - COLOR KEYED, Red Compact","534-5005"
"TP7","1","PR1","","","","5005_Red:KEYSTONE_5005","https://www.lcsc.com/datasheet/C2906763.pdf","","","","C2906763","5005","Keystone Electronics","Through Hole,P=2.54mm","","THT","","(THM) THRU HOLE MOUNT TEST POINTS - COLOR KEYED, Red Compact","534-5005"
"TP8","1","ST","","","","5005_Red:KEYSTONE_5005","https://www.lcsc.com/datasheet/C2906763.pdf","","","","C2906763","5005","Keystone Electronics§","Through Hole,P=2.54mm","","THT","","(THM) THRU HOLE MOUNT TEST POINTS - COLOR KEYED, Red Compact","534-5005"
"TP9,TP10","2","DCD","","","","5121_Green:KEYSTONE_5121","https://www.lcsc.com/datasheet/C5272789.pdf","","","","C5272789","5121","Keystone Electronics§","Through Hole,P=2.54mm","","THT","","(THM) THRU HOLE MOUNT TEST POINTS - COLOR KEYED, Green Compact","534-5121"
"TP11","1","TX-(Z)","","","","5009_Yellow:KEYSTONE_5009","https://www.lcsc.com/datasheet/C238128.pdf","","","","C238128","5014","Keystone Electronics§","Through Hole,P=2.54mm","","THT","","(THM) THRU HOLE MOUNT TEST POINTS - COLOR KEYED, Yellow Multipurpose","534-5014"
"TP12,TP13","2","RXD","","","","5122_Blue:KEYSTONE_5122","https://www.lcsc.com/datasheet/C5272796.pdf","","","","C5272796","5122","Keystone Electronics§","Through Hole,P=2.54mm","","THT","","(THM) THRU HOLE MOUNT TEST POINTS - COLOR KEYED, Blue Compact","534-5122"
"TP14","1","TX+(Y)","","","","5009_Yellow:KEYSTONE_5009","https://www.lcsc.com/datasheet/C238128.pdf","","","","C238128","5014","Keystone Electronics§","Through Hole,P=2.54mm","","THT","","(THM) THRU HOLE MOUNT TEST POINTS - COLOR KEYED, Yellow Multipurpose","534-5014"
"TP15,TP16","2","TXD","","","","5122_Blue:KEYSTONE_5122","https://www.lcsc.com/datasheet/C5272796.pdf","","","","C5272796","5122","Keystone Electronics§","Through Hole,P=2.54mm","","THT","","(THM) THRU HOLE MOUNT TEST POINTS - COLOR KEYED, Blue Compact","534-5122"
"TP17","1","RX+(A)","","","","5008_Orange:KEYSTONE_5008","https://www.lcsc.com/datasheet/C2906767.pdf","","","","C2906767","5013","Keystone Electronics§","Through Hole,P=2.54mm","","THT","","(THM) THRU HOLE MOUNT TEST POINTS - COLOR KEYED, Orange Multipurpose","534-5013"
"TP18,TP19","2","DTR","","","","5121_Green:KEYSTONE_5121","https://www.lcsc.com/datasheet/C5272789.pdf","","","","C5272789","5121","Keystone Electronics§","Through Hole,P=2.54mm","","THT","","(THM) THRU HOLE MOUNT TEST POINTS - COLOR KEYED, Green Compact","534-5121"
"TP20","1","RX-(B)","","","","5008_Orange:KEYSTONE_5008","https://www.lcsc.com/datasheet/C2906767.pdf","","","","C2906767","5013","Keystone Electronics§","Through Hole,P=2.54mm","","THT","","(THM) THRU HOLE MOUNT TEST POINTS - COLOR KEYED, Orange Multipurpose","534-5013"
"TP21,TP30","2","RI","","","","5121_Green:KEYSTONE_5121","https://www.lcsc.com/datasheet/C5272789.pdf","","","","C5272789","5121","Keystone Electronics§","Through Hole,P=2.54mm","","THT","","(THM) THRU HOLE MOUNT TEST POINTS - COLOR KEYED, Green Compact","534-5121"
"TP23,TP26","2","RTS","","","","5122_Blue:KEYSTONE_5122","https://www.lcsc.com/datasheet/C5272796.pdf","","","","C5272796","5122","Keystone Electronics§","Through Hole,P=2.54mm","","THT","","(THM) THRU HOLE MOUNT TEST POINTS - COLOR KEYED, Blue Compact","534-5122"
"TP24,TP27","2","DSR","","","","5122_Blue:KEYSTONE_5122","https://www.lcsc.com/datasheet/C5272796.pdf","","","","C5272796","5122","Keystone Electronics§","Through Hole,P=2.54mm","","THT","","(THM) THRU HOLE MOUNT TEST POINTS - COLOR KEYED, Blue Compact","534-5122"
"TP25,TP28","2","CTS","","","","5122_Blue:KEYSTONE_5122","https://www.lcsc.com/datasheet/C5272796.pdf","","","","C5272796","5122","Keystone Electronics§","Through Hole,P=2.54mm","","THT","","(THM) THRU HOLE MOUNT TEST POINTS - COLOR KEYED, Blue Compact","534-5122"
"U1","1","TLV77518PDBVR","","","","TLV77518PDBVR:SOT-23-5_1P75X3P05_TEX","https://www.ti.com/lit/gpn/tlv775","","","","C49292340","TLV77518PDBVR","TI","SOT-23-5","","SMD","","SOT-23-5 Voltage Regulators - Linear, Low Drop Out (LDO) Regulators RoHS","595-TLV77518PDBVR"
"U2","1","TPS2117DRLR","","","","TPS2117DRLR:SOTFL50P160X60-8N","https://www.ti.com/lit/gpn/tps2117","","","","C22399676","TPS2117DRLR","TI","SOT-5X3","","SMD","","TPS2117 1.6-V to 5.5-V, 4-A Low IQ Power Mux With Manual and Priority Switchover","595-TPS2117DRLR"
"U3","1","THVD4431","","","","THVD4431RHAR:RHA0040R-MFG","https://www.ti.com/lit/gpn/thvd4431","","","","C22445427","THVD4431RHAR","TI","VQFN-40-EP(6x6)","","SMD","","Transceiver 3V~5.5V 1Mbps VQFN-40-EP(6x6) Drivers, Receivers, Transceivers RoHS","595-THVD4431RHAR"
"U4,U8","2","SN74LVC2G14DBV","","","","Package_TO_SOT_SMD:SOT-23-6","https://www.ti.com/lit/ds/symlink/sn74lvc2g14.pdf","","","","C12401","SN74LVC2G14DBVR","TI","SOT-23-6","","SMD","","Schmitt trigger 10uA 1.65V~5.5V 2 2 4.7ns@5V,50pF SOT-23-6 Gates and Inverters RoHS","595-SN74LVC2G14DBVR"
"U5","1","SN74LVC245ADBR","","","","SN74LVC245ADBR:SOP65P780X200-20N","https://www.ti.com/lit/gpn/sn74lvc245a","","","","C393617","SN74LVC245ADBR","TI","SSOP-20","","SMD","","1.65V~3.6V 10uA 3.8ns@3.3V,50pF SSOP-20 Buffers, Drivers, Receivers, Transceivers RoHS","595-SN74LVC245ADBR"
"U6,U7","2","SN74LVC14ADR","","","","SN74LVC14ADR:SOIC127P600X175-14N","https://www.ti.com/lit/gpn/sn74lvc14a","","","","C133541","SN74LVC14ADR","TI","SOIC-14","","SMD","","Schmitt trigger 1.65V~3.6V 6.2ns@3.3V,50pF 1uA 6 1 SOIC-14 Gates and Inverters RoHS","595-SN74LVC14ADR"
